file_id,participant_id,session_id,category,label,frames,file_path,timestamp
001_A_001,001,session_002,alphabet,A,1,dataset/alphabet\A\001_A_001.json,2025-11-28T18:56:15.305338
001_A_002,001,session_002,alphabet,A,1,dataset/alphabet\A\001_A_002.json,2025-11-28T18:56:16.802547
001_A_003,001,session_002,alphabet,A,1,dataset/alphabet\A\001_A_003.json,2025-11-28T18:56:18.018265
001_A_004,001,session_002,alphabet,A,1,dataset/alphabet\A\001_A_004.json,2025-11-28T18:56:19.260926
001_A_005,001,session_002,alphabet,A,1,dataset/alphabet\A\001_A_005.json,2025-11-28T18:56:20.473707
001_A_006,001,session_002,alphabet,A,1,dataset/alphabet\A\001_A_006.json,2025-11-28T18:56:21.675130
001_A_007,001,session_002,alphabet,A,1,dataset/alphabet\A\001_A_007.json,2025-11-28T18:56:22.843181
001_A_008,001,session_002,alphabet,A,1,dataset/alphabet\A\001_A_008.json,2025-11-28T18:56:23.858276
001_A_009,001,session_002,alphabet,A,1,dataset/alphabet\A\001_A_009.json,2025-11-28T18:56:25.062865
001_A_010,001,session_002,alphabet,A,1,dataset/alphabet\A\001_A_010.json,2025-11-28T18:56:26.306650
001_A_011,001,session_002,alphabet,A,1,dataset/alphabet\A\001_A_011.json,2025-11-28T18:56:27.709496
001_A_012,001,session_002,alphabet,A,1,dataset/alphabet\A\001_A_012.json,2025-11-28T18:56:32.554537
001_A_013,001,session_002,alphabet,A,1,dataset/alphabet\A\001_A_013.json,2025-11-28T18:56:33.696291
001_A_014,001,session_002,alphabet,A,1,dataset/alphabet\A\001_A_014.json,2025-11-28T18:56:34.889232
001_A_015,001,session_002,alphabet,A,1,dataset/alphabet\A\001_A_015.json,2025-11-28T18:56:36.103741
001_B_001,001,session_002,alphabet,B,1,dataset/alphabet\B\001_B_001.json,2025-11-28T18:57:04.998396
001_B_002,001,session_002,alphabet,B,1,dataset/alphabet\B\001_B_002.json,2025-11-28T18:57:06.362499
001_B_003,001,session_002,alphabet,B,1,dataset/alphabet\B\001_B_003.json,2025-11-28T18:57:07.552782
001_B_004,001,session_002,alphabet,B,1,dataset/alphabet\B\001_B_004.json,2025-11-28T18:57:08.822161
001_B_005,001,session_002,alphabet,B,1,dataset/alphabet\B\001_B_005.json,2025-11-28T18:57:10.084490
001_B_006,001,session_002,alphabet,B,1,dataset/alphabet\B\001_B_006.json,2025-11-28T18:57:11.272968
001_B_007,001,session_002,alphabet,B,1,dataset/alphabet\B\001_B_007.json,2025-11-28T18:57:12.501961
001_B_008,001,session_002,alphabet,B,1,dataset/alphabet\B\001_B_008.json,2025-11-28T18:57:13.548370
001_B_009,001,session_002,alphabet,B,1,dataset/alphabet\B\001_B_009.json,2025-11-28T18:57:14.704832
001_B_010,001,session_002,alphabet,B,1,dataset/alphabet\B\001_B_010.json,2025-11-28T18:57:42.777747
001_B_011,001,session_002,alphabet,B,1,dataset/alphabet\B\001_B_011.json,2025-11-28T18:57:43.939238
001_B_012,001,session_002,alphabet,B,1,dataset/alphabet\B\001_B_012.json,2025-11-28T18:57:45.334802
001_B_013,001,session_002,alphabet,B,1,dataset/alphabet\B\001_B_013.json,2025-11-28T18:57:46.762022
001_B_014,001,session_002,alphabet,B,1,dataset/alphabet\B\001_B_014.json,2025-11-28T18:57:48.023325
001_B_015,001,session_002,alphabet,B,1,dataset/alphabet\B\001_B_015.json,2025-11-28T18:57:49.234778
001_C_001,001,session_002,alphabet,C,1,dataset/alphabet\C\001_C_001.json,2025-11-28T18:57:54.382055
001_C_002,001,session_002,alphabet,C,1,dataset/alphabet\C\001_C_002.json,2025-11-28T18:57:55.589409
001_C_003,001,session_002,alphabet,C,1,dataset/alphabet\C\001_C_003.json,2025-11-28T18:57:57.038571
001_C_004,001,session_002,alphabet,C,1,dataset/alphabet\C\001_C_004.json,2025-11-28T18:57:58.078606
001_C_005,001,session_002,alphabet,C,1,dataset/alphabet\C\001_C_005.json,2025-11-28T18:57:59.867317
001_C_006,001,session_002,alphabet,C,1,dataset/alphabet\C\001_C_006.json,2025-11-28T18:58:04.163086
001_C_007,001,session_002,alphabet,C,1,dataset/alphabet\C\001_C_007.json,2025-11-28T18:58:05.553352
001_C_008,001,session_002,alphabet,C,1,dataset/alphabet\C\001_C_008.json,2025-11-28T18:58:07.009816
001_C_009,001,session_002,alphabet,C,1,dataset/alphabet\C\001_C_009.json,2025-11-28T18:58:08.526375
001_C_010,001,session_002,alphabet,C,1,dataset/alphabet\C\001_C_010.json,2025-11-28T18:58:09.992685
001_C_011,001,session_002,alphabet,C,1,dataset/alphabet\C\001_C_011.json,2025-11-28T18:58:11.352806
001_C_012,001,session_002,alphabet,C,1,dataset/alphabet\C\001_C_012.json,2025-11-28T18:58:12.707944
001_C_013,001,session_002,alphabet,C,1,dataset/alphabet\C\001_C_013.json,2025-11-28T18:58:14.175424
001_C_014,001,session_002,alphabet,C,1,dataset/alphabet\C\001_C_014.json,2025-11-28T18:58:15.583018
001_C_015,001,session_002,alphabet,C,1,dataset/alphabet\C\001_C_015.json,2025-11-28T18:58:16.884669
001_D_001,001,session_002,alphabet,D,1,dataset/alphabet\D\001_D_001.json,2025-11-28T18:58:48.743187
001_D_002,001,session_002,alphabet,D,1,dataset/alphabet\D\001_D_002.json,2025-11-28T18:58:50.274780
001_D_003,001,session_002,alphabet,D,1,dataset/alphabet\D\001_D_003.json,2025-11-28T18:58:51.559727
001_D_004,001,session_002,alphabet,D,1,dataset/alphabet\D\001_D_004.json,2025-11-28T18:58:52.789274
001_D_005,001,session_002,alphabet,D,1,dataset/alphabet\D\001_D_005.json,2025-11-28T18:58:54.023346
001_D_006,001,session_002,alphabet,D,1,dataset/alphabet\D\001_D_006.json,2025-11-28T18:58:55.354764
001_D_007,001,session_002,alphabet,D,1,dataset/alphabet\D\001_D_007.json,2025-11-28T18:58:56.759852
001_D_008,001,session_002,alphabet,D,1,dataset/alphabet\D\001_D_008.json,2025-11-28T18:58:57.893123
001_D_009,001,session_002,alphabet,D,1,dataset/alphabet\D\001_D_009.json,2025-11-28T18:58:59.207669
001_D_010,001,session_002,alphabet,D,1,dataset/alphabet\D\001_D_010.json,2025-11-28T18:59:00.523080
001_D_011,001,session_002,alphabet,D,1,dataset/alphabet\D\001_D_011.json,2025-11-28T18:59:01.956026
001_D_012,001,session_002,alphabet,D,1,dataset/alphabet\D\001_D_012.json,2025-11-28T18:59:03.172850
001_D_013,001,session_002,alphabet,D,1,dataset/alphabet\D\001_D_013.json,2025-11-28T18:59:04.931930
001_D_014,001,session_002,alphabet,D,1,dataset/alphabet\D\001_D_014.json,2025-11-28T18:59:06.172472
001_D_015,001,session_002,alphabet,D,1,dataset/alphabet\D\001_D_015.json,2025-11-28T18:59:07.542886
001_E_001,001,session_002,alphabet,E,1,dataset/alphabet\E\001_E_001.json,2025-11-28T18:59:17.083308
001_E_002,001,session_002,alphabet,E,1,dataset/alphabet\E\001_E_002.json,2025-11-28T18:59:18.552643
001_E_003,001,session_002,alphabet,E,1,dataset/alphabet\E\001_E_003.json,2025-11-28T18:59:25.922416
001_E_004,001,session_002,alphabet,E,1,dataset/alphabet\E\001_E_004.json,2025-11-28T18:59:27.373640
001_E_005,001,session_002,alphabet,E,1,dataset/alphabet\E\001_E_005.json,2025-11-28T18:59:28.418173
001_E_006,001,session_002,alphabet,E,1,dataset/alphabet\E\001_E_006.json,2025-11-28T18:59:29.972598
001_E_007,001,session_002,alphabet,E,1,dataset/alphabet\E\001_E_007.json,2025-11-28T18:59:31.187542
001_E_008,001,session_002,alphabet,E,1,dataset/alphabet\E\001_E_008.json,2025-11-28T18:59:32.271462
001_E_009,001,session_002,alphabet,E,1,dataset/alphabet\E\001_E_009.json,2025-11-28T18:59:33.435879
001_E_010,001,session_002,alphabet,E,1,dataset/alphabet\E\001_E_010.json,2025-11-28T18:59:34.791438
001_E_011,001,session_002,alphabet,E,1,dataset/alphabet\E\001_E_011.json,2025-11-28T18:59:39.202763
001_E_012,001,session_002,alphabet,E,1,dataset/alphabet\E\001_E_012.json,2025-11-28T18:59:44.100965
001_E_013,001,session_002,alphabet,E,1,dataset/alphabet\E\001_E_013.json,2025-11-28T18:59:45.475162
001_E_014,001,session_002,alphabet,E,1,dataset/alphabet\E\001_E_014.json,2025-11-28T18:59:46.756939
001_E_015,001,session_002,alphabet,E,1,dataset/alphabet\E\001_E_015.json,2025-11-28T18:59:48.236985
001_F_001,001,session_002,alphabet,F,1,dataset/alphabet\F\001_F_001.json,2025-11-28T19:00:09.317509
001_F_002,001,session_002,alphabet,F,1,dataset/alphabet\F\001_F_002.json,2025-11-28T19:00:10.837241
001_F_003,001,session_002,alphabet,F,1,dataset/alphabet\F\001_F_003.json,2025-11-28T19:00:12.446571
001_F_004,001,session_002,alphabet,F,1,dataset/alphabet\F\001_F_004.json,2025-11-28T19:00:13.518209
001_F_005,001,session_002,alphabet,F,1,dataset/alphabet\F\001_F_005.json,2025-11-28T19:00:14.593135
001_F_006,001,session_002,alphabet,F,1,dataset/alphabet\F\001_F_006.json,2025-11-28T19:00:15.998628
001_F_007,001,session_002,alphabet,F,1,dataset/alphabet\F\001_F_007.json,2025-11-28T19:00:17.259973
001_F_008,001,session_002,alphabet,F,1,dataset/alphabet\F\001_F_008.json,2025-11-28T19:00:23.280034
001_F_009,001,session_002,alphabet,F,1,dataset/alphabet\F\001_F_009.json,2025-11-28T19:00:24.700956
001_F_010,001,session_002,alphabet,F,1,dataset/alphabet\F\001_F_010.json,2025-11-28T19:00:26.065089
001_F_011,001,session_002,alphabet,F,1,dataset/alphabet\F\001_F_011.json,2025-11-28T19:00:27.239900
001_F_012,001,session_002,alphabet,F,1,dataset/alphabet\F\001_F_012.json,2025-11-28T19:00:28.477497
001_F_013,001,session_002,alphabet,F,1,dataset/alphabet\F\001_F_013.json,2025-11-28T19:00:29.830637
001_F_014,001,session_002,alphabet,F,1,dataset/alphabet\F\001_F_014.json,2025-11-28T19:00:31.353811
001_F_015,001,session_002,alphabet,F,1,dataset/alphabet\F\001_F_015.json,2025-11-28T19:00:32.758196
001_G_001,001,session_002,alphabet,G,1,dataset/alphabet\G\001_G_001.json,2025-11-28T19:00:42.749376
001_G_002,001,session_002,alphabet,G,1,dataset/alphabet\G\001_G_002.json,2025-11-28T19:00:43.992890
001_G_003,001,session_002,alphabet,G,1,dataset/alphabet\G\001_G_003.json,2025-11-28T19:00:45.105322
001_G_004,001,session_002,alphabet,G,1,dataset/alphabet\G\001_G_004.json,2025-11-28T19:00:46.505985
001_G_005,001,session_002,alphabet,G,1,dataset/alphabet\G\001_G_005.json,2025-11-28T19:00:47.685088
001_G_006,001,session_002,alphabet,G,1,dataset/alphabet\G\001_G_006.json,2025-11-28T19:00:48.759534
001_G_007,001,session_002,alphabet,G,1,dataset/alphabet\G\001_G_007.json,2025-11-28T19:00:49.965117
001_G_008,001,session_002,alphabet,G,1,dataset/alphabet\G\001_G_008.json,2025-11-28T19:00:51.481494
001_G_009,001,session_002,alphabet,G,1,dataset/alphabet\G\001_G_009.json,2025-11-28T19:00:52.732349
001_G_010,001,session_002,alphabet,G,1,dataset/alphabet\G\001_G_010.json,2025-11-28T19:00:54.289210
001_G_011,001,session_002,alphabet,G,1,dataset/alphabet\G\001_G_011.json,2025-11-28T19:00:55.680460
001_G_012,001,session_002,alphabet,G,1,dataset/alphabet\G\001_G_012.json,2025-11-28T19:00:56.944284
001_G_013,001,session_002,alphabet,G,1,dataset/alphabet\G\001_G_013.json,2025-11-28T19:00:58.282332
001_G_014,001,session_002,alphabet,G,1,dataset/alphabet\G\001_G_014.json,2025-11-28T19:00:59.859938
001_G_015,001,session_002,alphabet,G,1,dataset/alphabet\G\001_G_015.json,2025-11-28T19:01:01.318545
001_H_001,001,session_002,alphabet,H,1,dataset/alphabet\H\001_H_001.json,2025-11-28T19:01:24.526438
001_H_002,001,session_002,alphabet,H,1,dataset/alphabet\H\001_H_002.json,2025-11-28T19:01:25.958083
001_H_003,001,session_002,alphabet,H,1,dataset/alphabet\H\001_H_003.json,2025-11-28T19:01:27.295456
001_H_004,001,session_002,alphabet,H,1,dataset/alphabet\H\001_H_004.json,2025-11-28T19:01:28.898442
001_H_005,001,session_002,alphabet,H,1,dataset/alphabet\H\001_H_005.json,2025-11-28T19:01:33.119323
001_H_006,001,session_002,alphabet,H,1,dataset/alphabet\H\001_H_006.json,2025-11-28T19:01:34.344656
001_H_007,001,session_002,alphabet,H,1,dataset/alphabet\H\001_H_007.json,2025-11-28T19:01:35.719447
001_H_008,001,session_002,alphabet,H,1,dataset/alphabet\H\001_H_008.json,2025-11-28T19:01:36.923390
001_H_009,001,session_002,alphabet,H,1,dataset/alphabet\H\001_H_009.json,2025-11-28T19:01:38.392728
001_H_010,001,session_002,alphabet,H,1,dataset/alphabet\H\001_H_010.json,2025-11-28T19:01:39.584759
001_H_011,001,session_002,alphabet,H,1,dataset/alphabet\H\001_H_011.json,2025-11-28T19:01:40.911149
001_H_012,001,session_002,alphabet,H,1,dataset/alphabet\H\001_H_012.json,2025-11-28T19:01:42.376495
001_H_013,001,session_002,alphabet,H,1,dataset/alphabet\H\001_H_013.json,2025-11-28T19:01:43.834834
001_H_014,001,session_002,alphabet,H,1,dataset/alphabet\H\001_H_014.json,2025-11-28T19:01:45.134591
001_H_015,001,session_002,alphabet,H,1,dataset/alphabet\H\001_H_015.json,2025-11-28T19:01:46.714884
001_I_001,001,session_002,alphabet,I,1,dataset/alphabet\I\001_I_001.json,2025-11-28T19:02:03.291492
001_I_002,001,session_002,alphabet,I,1,dataset/alphabet\I\001_I_002.json,2025-11-28T19:02:05.973031
001_I_003,001,session_002,alphabet,I,1,dataset/alphabet\I\001_I_003.json,2025-11-28T19:02:07.223868
001_I_004,001,session_002,alphabet,I,1,dataset/alphabet\I\001_I_004.json,2025-11-28T19:02:08.479168
001_I_005,001,session_002,alphabet,I,1,dataset/alphabet\I\001_I_005.json,2025-11-28T19:02:10.443424
001_I_006,001,session_002,alphabet,I,1,dataset/alphabet\I\001_I_006.json,2025-11-28T19:02:11.904349
001_I_007,001,session_002,alphabet,I,1,dataset/alphabet\I\001_I_007.json,2025-11-28T19:02:14.411056
001_I_008,001,session_002,alphabet,I,1,dataset/alphabet\I\001_I_008.json,2025-11-28T19:02:18.890879
001_I_009,001,session_002,alphabet,I,1,dataset/alphabet\I\001_I_009.json,2025-11-28T19:02:20.252534
001_I_010,001,session_002,alphabet,I,1,dataset/alphabet\I\001_I_010.json,2025-11-28T19:02:21.634723
001_I_011,001,session_002,alphabet,I,1,dataset/alphabet\I\001_I_011.json,2025-11-28T19:02:22.923466
001_I_012,001,session_002,alphabet,I,1,dataset/alphabet\I\001_I_012.json,2025-11-28T19:02:24.294886
001_I_013,001,session_002,alphabet,I,1,dataset/alphabet\I\001_I_013.json,2025-11-28T19:02:25.577341
001_I_014,001,session_002,alphabet,I,1,dataset/alphabet\I\001_I_014.json,2025-11-28T19:02:26.973453
001_I_015,001,session_002,alphabet,I,1,dataset/alphabet\I\001_I_015.json,2025-11-28T19:02:28.439317
001_J_001,001,session_002,alphabet,J,1,dataset/alphabet\J\001_J_001.json,2025-11-28T19:06:14.297484
001_J_002,001,session_002,alphabet,J,1,dataset/alphabet\J\001_J_002.json,2025-11-28T19:06:17.150859
001_J_003,001,session_002,alphabet,J,1,dataset/alphabet\J\001_J_003.json,2025-11-28T19:06:19.128642
001_J_004,001,session_002,alphabet,J,1,dataset/alphabet\J\001_J_004.json,2025-11-28T19:06:20.812223
001_J_005,001,session_002,alphabet,J,1,dataset/alphabet\J\001_J_005.json,2025-11-28T19:06:22.994138
001_J_006,001,session_002,alphabet,J,1,dataset/alphabet\J\001_J_006.json,2025-11-28T19:06:25.279986
001_J_007,001,session_002,alphabet,J,1,dataset/alphabet\J\001_J_007.json,2025-11-28T19:06:27.809713
001_J_008,001,session_002,alphabet,J,1,dataset/alphabet\J\001_J_008.json,2025-11-28T19:06:30.728356
001_J_009,001,session_002,alphabet,J,1,dataset/alphabet\J\001_J_009.json,2025-11-28T19:06:33.112796
001_J_010,001,session_002,alphabet,J,1,dataset/alphabet\J\001_J_010.json,2025-11-28T19:06:34.270359
001_J_011,001,session_002,alphabet,J,1,dataset/alphabet\J\001_J_011.json,2025-11-28T19:06:40.157313
001_J_012,001,session_002,alphabet,J,1,dataset/alphabet\J\001_J_012.json,2025-11-28T19:06:41.595115
001_J_013,001,session_002,alphabet,J,1,dataset/alphabet\J\001_J_013.json,2025-11-28T19:06:43.397497
001_J_014,001,session_002,alphabet,J,1,dataset/alphabet\J\001_J_014.json,2025-11-28T19:06:45.234601
001_J_015,001,session_002,alphabet,J,1,dataset/alphabet\J\001_J_015.json,2025-11-28T19:06:59.127706
001_K_001,001,session_002,alphabet,K,1,dataset/alphabet\K\001_K_001.json,2025-11-28T19:08:22.415175
001_K_002,001,session_002,alphabet,K,1,dataset/alphabet\K\001_K_002.json,2025-11-28T19:08:28.351154
001_K_003,001,session_002,alphabet,K,1,dataset/alphabet\K\001_K_003.json,2025-11-28T19:09:20.509424
001_K_004,001,session_002,alphabet,K,1,dataset/alphabet\K\001_K_004.json,2025-11-28T19:09:22.073264
001_K_005,001,session_002,alphabet,K,1,dataset/alphabet\K\001_K_005.json,2025-11-28T19:09:23.440955
001_K_006,001,session_002,alphabet,K,1,dataset/alphabet\K\001_K_006.json,2025-11-28T19:09:24.525244
001_K_007,001,session_002,alphabet,K,1,dataset/alphabet\K\001_K_007.json,2025-11-28T19:09:26.060304
001_K_008,001,session_002,alphabet,K,1,dataset/alphabet\K\001_K_008.json,2025-11-28T19:09:27.202866
001_K_009,001,session_002,alphabet,K,1,dataset/alphabet\K\001_K_009.json,2025-11-28T19:09:29.837311
001_K_010,001,session_002,alphabet,K,1,dataset/alphabet\K\001_K_010.json,2025-11-28T19:09:31.027961
001_K_011,001,session_002,alphabet,K,1,dataset/alphabet\K\001_K_011.json,2025-11-28T19:09:32.509789
001_K_012,001,session_002,alphabet,K,1,dataset/alphabet\K\001_K_012.json,2025-11-28T19:09:33.649076
001_K_013,001,session_002,alphabet,K,1,dataset/alphabet\K\001_K_013.json,2025-11-28T19:09:34.907946
001_K_014,001,session_002,alphabet,K,1,dataset/alphabet\K\001_K_014.json,2025-11-28T19:09:36.358183
001_K_015,001,session_002,alphabet,K,1,dataset/alphabet\K\001_K_015.json,2025-11-28T19:09:37.858357
001_L_001,001,session_002,alphabet,L,1,dataset/alphabet\L\001_L_001.json,2025-11-28T19:09:43.729324
001_L_002,001,session_002,alphabet,L,1,dataset/alphabet\L\001_L_002.json,2025-11-28T19:09:45.110982
001_L_003,001,session_002,alphabet,L,1,dataset/alphabet\L\001_L_003.json,2025-11-28T19:09:46.264979
001_L_004,001,session_002,alphabet,L,1,dataset/alphabet\L\001_L_004.json,2025-11-28T19:09:47.509931
001_L_005,001,session_002,alphabet,L,1,dataset/alphabet\L\001_L_005.json,2025-11-28T19:09:48.725065
001_L_006,001,session_002,alphabet,L,1,dataset/alphabet\L\001_L_006.json,2025-11-28T19:09:50.158210
001_L_007,001,session_002,alphabet,L,1,dataset/alphabet\L\001_L_007.json,2025-11-28T19:09:54.939001
001_L_008,001,session_002,alphabet,L,1,dataset/alphabet\L\001_L_008.json,2025-11-28T19:09:56.369652
001_L_009,001,session_002,alphabet,L,1,dataset/alphabet\L\001_L_009.json,2025-11-28T19:09:57.600514
001_L_010,001,session_002,alphabet,L,1,dataset/alphabet\L\001_L_010.json,2025-11-28T19:09:58.887120
001_L_011,001,session_002,alphabet,L,1,dataset/alphabet\L\001_L_011.json,2025-11-28T19:10:01.737038
001_L_012,001,session_002,alphabet,L,1,dataset/alphabet\L\001_L_012.json,2025-11-28T19:10:03.340356
001_L_013,001,session_002,alphabet,L,1,dataset/alphabet\L\001_L_013.json,2025-11-28T19:10:04.727253
001_L_014,001,session_002,alphabet,L,1,dataset/alphabet\L\001_L_014.json,2025-11-28T19:10:06.108337
001_L_015,001,session_002,alphabet,L,1,dataset/alphabet\L\001_L_015.json,2025-11-28T19:10:07.539236
001_M_001,001,session_002,alphabet,M,1,dataset/alphabet\M\001_M_001.json,2025-11-28T19:11:16.600666
001_M_002,001,session_002,alphabet,M,1,dataset/alphabet\M\001_M_002.json,2025-11-28T19:11:18.458658
001_M_003,001,session_002,alphabet,M,1,dataset/alphabet\M\001_M_003.json,2025-11-28T19:11:19.600276
001_M_004,001,session_002,alphabet,M,1,dataset/alphabet\M\001_M_004.json,2025-11-28T19:11:20.842893
001_M_005,001,session_002,alphabet,M,1,dataset/alphabet\M\001_M_005.json,2025-11-28T19:11:21.837134
001_M_006,001,session_002,alphabet,M,1,dataset/alphabet\M\001_M_006.json,2025-11-28T19:11:23.137661
001_M_007,001,session_002,alphabet,M,1,dataset/alphabet\M\001_M_007.json,2025-11-28T19:11:24.522741
001_M_008,001,session_002,alphabet,M,1,dataset/alphabet\M\001_M_008.json,2025-11-28T19:11:25.714695
001_M_009,001,session_002,alphabet,M,1,dataset/alphabet\M\001_M_009.json,2025-11-28T19:11:27.167555
001_M_010,001,session_002,alphabet,M,1,dataset/alphabet\M\001_M_010.json,2025-11-28T19:11:28.851058
001_M_011,001,session_002,alphabet,M,1,dataset/alphabet\M\001_M_011.json,2025-11-28T19:11:30.184913
001_M_012,001,session_002,alphabet,M,1,dataset/alphabet\M\001_M_012.json,2025-11-28T19:11:31.418181
001_M_013,001,session_002,alphabet,M,1,dataset/alphabet\M\001_M_013.json,2025-11-28T19:11:32.772755
001_M_014,001,session_002,alphabet,M,1,dataset/alphabet\M\001_M_014.json,2025-11-28T19:11:34.003895
001_M_015,001,session_002,alphabet,M,1,dataset/alphabet\M\001_M_015.json,2025-11-28T19:11:35.327937
001_N_001,001,session_002,alphabet,N,1,dataset/alphabet\N\001_N_001.json,2025-11-28T19:11:58.423728
001_N_002,001,session_002,alphabet,N,1,dataset/alphabet\N\001_N_002.json,2025-11-28T19:12:00.014543
001_N_003,001,session_002,alphabet,N,1,dataset/alphabet\N\001_N_003.json,2025-11-28T19:12:01.239210
001_N_004,001,session_002,alphabet,N,1,dataset/alphabet\N\001_N_004.json,2025-11-28T19:12:05.148344
001_N_005,001,session_002,alphabet,N,1,dataset/alphabet\N\001_N_005.json,2025-11-28T19:12:06.527945
001_N_006,001,session_002,alphabet,N,1,dataset/alphabet\N\001_N_006.json,2025-11-28T19:12:07.799550
001_N_007,001,session_002,alphabet,N,1,dataset/alphabet\N\001_N_007.json,2025-11-28T19:12:09.123232
001_N_008,001,session_002,alphabet,N,1,dataset/alphabet\N\001_N_008.json,2025-11-28T19:12:10.714845
001_N_009,001,session_002,alphabet,N,1,dataset/alphabet\N\001_N_009.json,2025-11-28T19:12:11.634515
001_N_010,001,session_002,alphabet,N,1,dataset/alphabet\N\001_N_010.json,2025-11-28T19:12:12.937514
001_N_011,001,session_002,alphabet,N,1,dataset/alphabet\N\001_N_011.json,2025-11-28T19:12:14.198464
001_N_012,001,session_002,alphabet,N,1,dataset/alphabet\N\001_N_012.json,2025-11-28T19:12:15.518226
001_N_013,001,session_002,alphabet,N,1,dataset/alphabet\N\001_N_013.json,2025-11-28T19:12:16.818593
001_N_014,001,session_002,alphabet,N,1,dataset/alphabet\N\001_N_014.json,2025-11-28T19:12:18.234879
001_N_015,001,session_002,alphabet,N,1,dataset/alphabet\N\001_N_015.json,2025-11-28T19:12:19.565925
001_O_001,001,session_002,alphabet,O,1,dataset/alphabet\O\001_O_001.json,2025-11-28T19:12:27.654444
001_O_002,001,session_002,alphabet,O,1,dataset/alphabet\O\001_O_002.json,2025-11-28T19:12:30.579755
001_O_003,001,session_002,alphabet,O,1,dataset/alphabet\O\001_O_003.json,2025-11-28T19:12:31.921826
001_O_004,001,session_002,alphabet,O,1,dataset/alphabet\O\001_O_004.json,2025-11-28T19:12:33.258378
001_O_005,001,session_002,alphabet,O,1,dataset/alphabet\O\001_O_005.json,2025-11-28T19:12:34.914828
001_O_006,001,session_002,alphabet,O,1,dataset/alphabet\O\001_O_006.json,2025-11-28T19:12:35.984974
001_O_007,001,session_002,alphabet,O,1,dataset/alphabet\O\001_O_007.json,2025-11-28T19:12:38.823727
001_O_008,001,session_002,alphabet,O,1,dataset/alphabet\O\001_O_008.json,2025-11-28T19:12:40.381248
001_O_009,001,session_002,alphabet,O,1,dataset/alphabet\O\001_O_009.json,2025-11-28T19:12:41.703417
001_O_010,001,session_002,alphabet,O,1,dataset/alphabet\O\001_O_010.json,2025-11-28T19:12:43.250651
001_O_011,001,session_002,alphabet,O,1,dataset/alphabet\O\001_O_011.json,2025-11-28T19:12:44.359561
001_O_012,001,session_002,alphabet,O,1,dataset/alphabet\O\001_O_012.json,2025-11-28T19:12:45.902587
001_O_013,001,session_002,alphabet,O,1,dataset/alphabet\O\001_O_013.json,2025-11-28T19:12:47.150674
001_O_014,001,session_002,alphabet,O,1,dataset/alphabet\O\001_O_014.json,2025-11-28T19:12:48.711601
001_O_015,001,session_002,alphabet,O,1,dataset/alphabet\O\001_O_015.json,2025-11-28T19:12:49.973860
001_P_001,001,session_002,alphabet,P,1,dataset/alphabet\P\001_P_001.json,2025-11-28T19:13:18.922515
001_P_002,001,session_002,alphabet,P,1,dataset/alphabet\P\001_P_002.json,2025-11-28T19:13:20.785921
001_P_003,001,session_002,alphabet,P,1,dataset/alphabet\P\001_P_003.json,2025-11-28T19:13:21.815320
001_P_004,001,session_002,alphabet,P,1,dataset/alphabet\P\001_P_004.json,2025-11-28T19:13:23.418278
001_P_005,001,session_002,alphabet,P,1,dataset/alphabet\P\001_P_005.json,2025-11-28T19:13:24.950880
001_P_006,001,session_002,alphabet,P,1,dataset/alphabet\P\001_P_006.json,2025-11-28T19:13:26.673230
001_P_007,001,session_002,alphabet,P,1,dataset/alphabet\P\001_P_007.json,2025-11-28T19:13:27.757768
001_P_008,001,session_002,alphabet,P,1,dataset/alphabet\P\001_P_008.json,2025-11-28T19:13:29.159629
001_P_009,001,session_002,alphabet,P,1,dataset/alphabet\P\001_P_009.json,2025-11-28T19:13:30.573715
001_P_010,001,session_002,alphabet,P,1,dataset/alphabet\P\001_P_010.json,2025-11-28T19:13:31.649746
001_P_011,001,session_002,alphabet,P,1,dataset/alphabet\P\001_P_011.json,2025-11-28T19:13:45.263054
001_P_012,001,session_002,alphabet,P,1,dataset/alphabet\P\001_P_012.json,2025-11-28T19:13:46.659521
001_P_013,001,session_002,alphabet,P,1,dataset/alphabet\P\001_P_013.json,2025-11-28T19:13:47.966175
001_P_014,001,session_002,alphabet,P,1,dataset/alphabet\P\001_P_014.json,2025-11-28T19:13:49.377658
001_P_015,001,session_002,alphabet,P,1,dataset/alphabet\P\001_P_015.json,2025-11-28T19:13:50.808239
001_Q_001,001,session_002,alphabet,Q,1,dataset/alphabet\Q\001_Q_001.json,2025-11-28T19:14:13.404514
001_Q_002,001,session_002,alphabet,Q,1,dataset/alphabet\Q\001_Q_002.json,2025-11-28T19:14:15.242853
001_Q_003,001,session_002,alphabet,Q,1,dataset/alphabet\Q\001_Q_003.json,2025-11-28T19:14:16.589279
001_Q_004,001,session_002,alphabet,Q,1,dataset/alphabet\Q\001_Q_004.json,2025-11-28T19:14:17.939251
001_Q_005,001,session_002,alphabet,Q,1,dataset/alphabet\Q\001_Q_005.json,2025-11-28T19:14:19.167614
001_Q_006,001,session_002,alphabet,Q,1,dataset/alphabet\Q\001_Q_006.json,2025-11-28T19:14:20.763046
001_Q_007,001,session_002,alphabet,Q,1,dataset/alphabet\Q\001_Q_007.json,2025-11-28T19:14:22.414587
001_Q_008,001,session_002,alphabet,Q,1,dataset/alphabet\Q\001_Q_008.json,2025-11-28T19:14:23.873588
001_Q_009,001,session_002,alphabet,Q,1,dataset/alphabet\Q\001_Q_009.json,2025-11-28T19:14:25.123434
001_Q_010,001,session_002,alphabet,Q,1,dataset/alphabet\Q\001_Q_010.json,2025-11-28T19:14:26.654486
001_Q_011,001,session_002,alphabet,Q,1,dataset/alphabet\Q\001_Q_011.json,2025-11-28T19:14:28.026925
001_Q_012,001,session_002,alphabet,Q,1,dataset/alphabet\Q\001_Q_012.json,2025-11-28T19:14:29.289119
001_Q_013,001,session_002,alphabet,Q,1,dataset/alphabet\Q\001_Q_013.json,2025-11-28T19:14:30.773612
001_Q_014,001,session_002,alphabet,Q,1,dataset/alphabet\Q\001_Q_014.json,2025-11-28T19:14:32.122252
001_Q_015,001,session_002,alphabet,Q,1,dataset/alphabet\Q\001_Q_015.json,2025-11-28T19:14:33.637536
001_R_001,001,session_002,alphabet,R,1,dataset/alphabet\R\001_R_001.json,2025-11-28T19:14:46.243292
001_R_002,001,session_002,alphabet,R,1,dataset/alphabet\R\001_R_002.json,2025-11-28T19:14:52.677863
001_R_003,001,session_002,alphabet,R,1,dataset/alphabet\R\001_R_003.json,2025-11-28T19:14:54.368148
001_R_004,001,session_002,alphabet,R,1,dataset/alphabet\R\001_R_004.json,2025-11-28T19:15:20.162868
001_R_005,001,session_002,alphabet,R,1,dataset/alphabet\R\001_R_005.json,2025-11-28T19:15:34.377529
001_R_006,001,session_002,alphabet,R,1,dataset/alphabet\R\001_R_006.json,2025-11-28T19:15:35.843134
001_R_007,001,session_002,alphabet,R,1,dataset/alphabet\R\001_R_007.json,2025-11-28T19:15:37.184700
001_R_008,001,session_002,alphabet,R,1,dataset/alphabet\R\001_R_008.json,2025-11-28T19:15:40.559613
001_R_009,001,session_002,alphabet,R,1,dataset/alphabet\R\001_R_009.json,2025-11-28T19:15:41.893006
001_R_010,001,session_002,alphabet,R,1,dataset/alphabet\R\001_R_010.json,2025-11-28T19:15:43.840998
001_R_011,001,session_002,alphabet,R,1,dataset/alphabet\R\001_R_011.json,2025-11-28T19:15:59.025516
001_R_012,001,session_002,alphabet,R,1,dataset/alphabet\R\001_R_012.json,2025-11-28T19:18:42.409067
001_R_013,001,session_002,alphabet,R,1,dataset/alphabet\R\001_R_013.json,2025-11-28T19:18:43.889154
001_R_014,001,session_002,alphabet,R,1,dataset/alphabet\R\001_R_014.json,2025-11-28T19:18:45.143311
001_R_015,001,session_002,alphabet,R,1,dataset/alphabet\R\001_R_015.json,2025-11-28T19:18:46.323780
001_S_001,001,session_002,alphabet,S,1,dataset/alphabet\S\001_S_001.json,2025-11-28T19:19:28.374956
001_S_002,001,session_002,alphabet,S,1,dataset/alphabet\S\001_S_002.json,2025-11-28T19:19:32.650961
001_S_003,001,session_002,alphabet,S,1,dataset/alphabet\S\001_S_003.json,2025-11-28T19:19:33.890813
001_S_004,001,session_002,alphabet,S,1,dataset/alphabet\S\001_S_004.json,2025-11-28T19:19:35.325936
001_S_005,001,session_002,alphabet,S,1,dataset/alphabet\S\001_S_005.json,2025-11-28T19:19:36.783594
001_S_006,001,session_002,alphabet,S,1,dataset/alphabet\S\001_S_006.json,2025-11-28T19:19:38.110274
001_S_007,001,session_002,alphabet,S,1,dataset/alphabet\S\001_S_007.json,2025-11-28T19:19:39.355919
001_S_008,001,session_002,alphabet,S,1,dataset/alphabet\S\001_S_008.json,2025-11-28T19:19:40.848655
001_S_009,001,session_002,alphabet,S,1,dataset/alphabet\S\001_S_009.json,2025-11-28T19:19:42.027831
001_S_010,001,session_002,alphabet,S,1,dataset/alphabet\S\001_S_010.json,2025-11-28T19:19:43.403618
001_S_011,001,session_002,alphabet,S,1,dataset/alphabet\S\001_S_011.json,2025-11-28T19:19:44.868081
001_S_012,001,session_002,alphabet,S,1,dataset/alphabet\S\001_S_012.json,2025-11-28T19:19:46.198448
001_S_013,001,session_002,alphabet,S,1,dataset/alphabet\S\001_S_013.json,2025-11-28T19:19:47.474814
001_S_014,001,session_002,alphabet,S,1,dataset/alphabet\S\001_S_014.json,2025-11-28T19:19:48.800570
001_S_015,001,session_002,alphabet,S,1,dataset/alphabet\S\001_S_015.json,2025-11-28T19:19:50.187804
001_T_001,001,session_002,alphabet,T,1,dataset/alphabet\T\001_T_001.json,2025-11-28T19:20:04.742868
001_T_002,001,session_002,alphabet,T,1,dataset/alphabet\T\001_T_002.json,2025-11-28T19:20:06.348439
001_T_003,001,session_002,alphabet,T,1,dataset/alphabet\T\001_T_003.json,2025-11-28T19:20:07.688363
001_T_004,001,session_002,alphabet,T,1,dataset/alphabet\T\001_T_004.json,2025-11-28T19:20:08.872872
001_T_005,001,session_002,alphabet,T,1,dataset/alphabet\T\001_T_005.json,2025-11-28T19:20:10.098479
001_T_006,001,session_002,alphabet,T,1,dataset/alphabet\T\001_T_006.json,2025-11-28T19:20:11.212929
001_T_007,001,session_002,alphabet,T,1,dataset/alphabet\T\001_T_007.json,2025-11-28T19:20:12.184950
001_T_008,001,session_002,alphabet,T,1,dataset/alphabet\T\001_T_008.json,2025-11-28T19:20:13.527496
001_T_009,001,session_002,alphabet,T,1,dataset/alphabet\T\001_T_009.json,2025-11-28T19:20:14.781132
001_T_010,001,session_002,alphabet,T,1,dataset/alphabet\T\001_T_010.json,2025-11-28T19:20:15.894631
001_T_011,001,session_002,alphabet,T,1,dataset/alphabet\T\001_T_011.json,2025-11-28T19:20:17.093005
001_T_012,001,session_002,alphabet,T,1,dataset/alphabet\T\001_T_012.json,2025-11-28T19:20:18.359797
001_T_013,001,session_002,alphabet,T,1,dataset/alphabet\T\001_T_013.json,2025-11-28T19:20:19.792767
001_T_014,001,session_002,alphabet,T,1,dataset/alphabet\T\001_T_014.json,2025-11-28T19:20:20.827208
001_T_015,001,session_002,alphabet,T,1,dataset/alphabet\T\001_T_015.json,2025-11-28T19:20:22.198380
001_U_001,001,session_002,alphabet,U,1,dataset/alphabet\U\001_U_001.json,2025-11-28T19:20:34.468355
001_U_002,001,session_002,alphabet,U,1,dataset/alphabet\U\001_U_002.json,2025-11-28T19:20:35.862731
001_U_003,001,session_002,alphabet,U,1,dataset/alphabet\U\001_U_003.json,2025-11-28T19:20:37.176366
001_U_004,001,session_002,alphabet,U,1,dataset/alphabet\U\001_U_004.json,2025-11-28T19:20:38.404219
001_U_005,001,session_002,alphabet,U,1,dataset/alphabet\U\001_U_005.json,2025-11-28T19:20:39.764596
001_U_006,001,session_002,alphabet,U,1,dataset/alphabet\U\001_U_006.json,2025-11-28T19:20:40.725603
001_U_007,001,session_002,alphabet,U,1,dataset/alphabet\U\001_U_007.json,2025-11-28T19:20:41.878686
001_U_008,001,session_002,alphabet,U,1,dataset/alphabet\U\001_U_008.json,2025-11-28T19:20:43.041572
001_U_009,001,session_002,alphabet,U,1,dataset/alphabet\U\001_U_009.json,2025-11-28T19:20:44.424096
001_U_010,001,session_002,alphabet,U,1,dataset/alphabet\U\001_U_010.json,2025-11-28T19:20:45.712989
001_U_011,001,session_002,alphabet,U,1,dataset/alphabet\U\001_U_011.json,2025-11-28T19:20:47.582620
001_U_012,001,session_002,alphabet,U,1,dataset/alphabet\U\001_U_012.json,2025-11-28T19:20:48.857729
001_U_013,001,session_002,alphabet,U,1,dataset/alphabet\U\001_U_013.json,2025-11-28T19:20:50.227734
001_U_014,001,session_002,alphabet,U,1,dataset/alphabet\U\001_U_014.json,2025-11-28T19:20:51.704474
001_U_015,001,session_002,alphabet,U,1,dataset/alphabet\U\001_U_015.json,2025-11-28T19:20:52.923239
001_V_001,001,session_002,alphabet,V,1,dataset/alphabet\V\001_V_001.json,2025-11-28T19:21:02.815106
001_V_002,001,session_002,alphabet,V,1,dataset/alphabet\V\001_V_002.json,2025-11-28T19:21:03.959558
001_V_003,001,session_002,alphabet,V,1,dataset/alphabet\V\001_V_003.json,2025-11-28T19:21:07.265264
001_V_004,001,session_002,alphabet,V,1,dataset/alphabet\V\001_V_004.json,2025-11-28T19:21:08.654470
001_V_005,001,session_002,alphabet,V,1,dataset/alphabet\V\001_V_005.json,2025-11-28T19:21:09.792913
001_V_006,001,session_002,alphabet,V,1,dataset/alphabet\V\001_V_006.json,2025-11-28T19:21:22.510364
001_V_007,001,session_002,alphabet,V,1,dataset/alphabet\V\001_V_007.json,2025-11-28T19:21:24.046511
001_V_008,001,session_002,alphabet,V,1,dataset/alphabet\V\001_V_008.json,2025-11-28T19:21:25.300532
001_V_009,001,session_002,alphabet,V,1,dataset/alphabet\V\001_V_009.json,2025-11-28T19:21:32.512571
001_V_010,001,session_002,alphabet,V,1,dataset/alphabet\V\001_V_010.json,2025-11-28T19:21:33.886393
001_V_011,001,session_002,alphabet,V,1,dataset/alphabet\V\001_V_011.json,2025-11-28T19:21:35.499272
001_V_012,001,session_002,alphabet,V,1,dataset/alphabet\V\001_V_012.json,2025-11-28T19:21:36.824065
001_V_013,001,session_002,alphabet,V,1,dataset/alphabet\V\001_V_013.json,2025-11-28T19:21:38.121756
001_V_014,001,session_002,alphabet,V,1,dataset/alphabet\V\001_V_014.json,2025-11-28T19:21:40.077324
001_V_015,001,session_002,alphabet,V,1,dataset/alphabet\V\001_V_015.json,2025-11-28T19:21:41.521881
001_W_001,001,session_002,alphabet,W,1,dataset/alphabet\W\001_W_001.json,2025-11-28T19:21:54.689426
001_W_002,001,session_002,alphabet,W,1,dataset/alphabet\W\001_W_002.json,2025-11-28T19:21:55.921649
001_W_003,001,session_002,alphabet,W,1,dataset/alphabet\W\001_W_003.json,2025-11-28T19:21:57.239976
001_W_004,001,session_002,alphabet,W,1,dataset/alphabet\W\001_W_004.json,2025-11-28T19:21:58.453524
001_W_005,001,session_002,alphabet,W,1,dataset/alphabet\W\001_W_005.json,2025-11-28T19:22:00.046915
001_W_006,001,session_002,alphabet,W,1,dataset/alphabet\W\001_W_006.json,2025-11-28T19:22:01.414890
001_W_007,001,session_002,alphabet,W,1,dataset/alphabet\W\001_W_007.json,2025-11-28T19:22:02.720034
001_W_008,001,session_002,alphabet,W,1,dataset/alphabet\W\001_W_008.json,2025-11-28T19:22:03.841905
001_W_009,001,session_002,alphabet,W,1,dataset/alphabet\W\001_W_009.json,2025-11-28T19:22:05.228834
001_W_010,001,session_002,alphabet,W,1,dataset/alphabet\W\001_W_010.json,2025-11-28T19:22:06.452703
001_W_011,001,session_002,alphabet,W,1,dataset/alphabet\W\001_W_011.json,2025-11-28T19:22:07.880156
001_W_012,001,session_002,alphabet,W,1,dataset/alphabet\W\001_W_012.json,2025-11-28T19:22:08.973834
001_W_013,001,session_002,alphabet,W,1,dataset/alphabet\W\001_W_013.json,2025-11-28T19:22:10.298611
001_W_014,001,session_002,alphabet,W,1,dataset/alphabet\W\001_W_014.json,2025-11-28T19:22:11.573747
001_W_015,001,session_002,alphabet,W,1,dataset/alphabet\W\001_W_015.json,2025-11-28T19:22:13.164958
001_X_001,001,session_002,alphabet,X,1,dataset/alphabet\X\001_X_001.json,2025-11-28T19:22:45.965265
001_X_002,001,session_002,alphabet,X,1,dataset/alphabet\X\001_X_002.json,2025-11-28T19:22:47.389328
001_X_003,001,session_002,alphabet,X,1,dataset/alphabet\X\001_X_003.json,2025-11-28T19:22:48.564787
001_X_004,001,session_002,alphabet,X,1,dataset/alphabet\X\001_X_004.json,2025-11-28T19:22:49.774361
001_X_005,001,session_002,alphabet,X,1,dataset/alphabet\X\001_X_005.json,2025-11-28T19:22:51.015063
001_X_006,001,session_002,alphabet,X,1,dataset/alphabet\X\001_X_006.json,2025-11-28T19:22:54.474106
001_X_007,001,session_002,alphabet,X,1,dataset/alphabet\X\001_X_007.json,2025-11-28T19:22:55.872024
001_X_008,001,session_002,alphabet,X,1,dataset/alphabet\X\001_X_008.json,2025-11-28T19:22:57.359636
001_X_009,001,session_002,alphabet,X,1,dataset/alphabet\X\001_X_009.json,2025-11-28T19:22:58.694616
001_X_010,001,session_002,alphabet,X,1,dataset/alphabet\X\001_X_010.json,2025-11-28T19:22:59.821854
001_X_011,001,session_002,alphabet,X,1,dataset/alphabet\X\001_X_011.json,2025-11-28T19:23:01.343234
001_X_012,001,session_002,alphabet,X,1,dataset/alphabet\X\001_X_012.json,2025-11-28T19:23:02.809662
001_X_013,001,session_002,alphabet,X,1,dataset/alphabet\X\001_X_013.json,2025-11-28T19:23:04.159485
001_X_014,001,session_002,alphabet,X,1,dataset/alphabet\X\001_X_014.json,2025-11-28T19:23:05.623232
001_X_015,001,session_002,alphabet,X,1,dataset/alphabet\X\001_X_015.json,2025-11-28T19:23:07.034691
001_Y_001,001,session_002,alphabet,Y,1,dataset/alphabet\Y\001_Y_001.json,2025-11-28T19:23:39.287270
001_Y_002,001,session_002,alphabet,Y,1,dataset/alphabet\Y\001_Y_002.json,2025-11-28T19:23:40.541574
001_Y_003,001,session_002,alphabet,Y,1,dataset/alphabet\Y\001_Y_003.json,2025-11-28T19:23:42.073564
001_Y_004,001,session_002,alphabet,Y,1,dataset/alphabet\Y\001_Y_004.json,2025-11-28T19:23:43.353289
001_Y_005,001,session_002,alphabet,Y,1,dataset/alphabet\Y\001_Y_005.json,2025-11-28T19:23:44.673464
001_Y_006,001,session_002,alphabet,Y,1,dataset/alphabet\Y\001_Y_006.json,2025-11-28T19:23:45.937106
001_Y_007,001,session_002,alphabet,Y,1,dataset/alphabet\Y\001_Y_007.json,2025-11-28T19:23:47.168311
001_Y_008,001,session_002,alphabet,Y,1,dataset/alphabet\Y\001_Y_008.json,2025-11-28T19:23:48.224037
001_Y_009,001,session_002,alphabet,Y,1,dataset/alphabet\Y\001_Y_009.json,2025-11-28T19:23:49.354546
001_Y_010,001,session_002,alphabet,Y,1,dataset/alphabet\Y\001_Y_010.json,2025-11-28T19:23:51.137604
001_Y_011,001,session_002,alphabet,Y,1,dataset/alphabet\Y\001_Y_011.json,2025-11-28T19:23:52.631657
001_Y_012,001,session_002,alphabet,Y,1,dataset/alphabet\Y\001_Y_012.json,2025-11-28T19:23:54.154368
001_Y_013,001,session_002,alphabet,Y,1,dataset/alphabet\Y\001_Y_013.json,2025-11-28T19:23:55.737168
001_Y_014,001,session_002,alphabet,Y,1,dataset/alphabet\Y\001_Y_014.json,2025-11-28T19:23:56.910104
001_Y_015,001,session_002,alphabet,Y,1,dataset/alphabet\Y\001_Y_015.json,2025-11-28T19:23:58.104505
001_Z_001,001,session_002,alphabet,Z,1,dataset/alphabet\Z\001_Z_001.json,2025-11-28T19:24:07.743011
001_Z_002,001,session_002,alphabet,Z,1,dataset/alphabet\Z\001_Z_002.json,2025-11-28T19:24:08.954362
001_Z_003,001,session_002,alphabet,Z,1,dataset/alphabet\Z\001_Z_003.json,2025-11-28T19:24:10.313228
001_Z_004,001,session_002,alphabet,Z,1,dataset/alphabet\Z\001_Z_004.json,2025-11-28T19:24:11.821946
001_Z_005,001,session_002,alphabet,Z,1,dataset/alphabet\Z\001_Z_005.json,2025-11-28T19:24:12.665171
001_Z_006,001,session_002,alphabet,Z,1,dataset/alphabet\Z\001_Z_006.json,2025-11-28T19:24:13.672180
001_Z_007,001,session_002,alphabet,Z,1,dataset/alphabet\Z\001_Z_007.json,2025-11-28T19:24:15.023320
001_Z_008,001,session_002,alphabet,Z,1,dataset/alphabet\Z\001_Z_008.json,2025-11-28T19:24:16.112865
001_Z_009,001,session_002,alphabet,Z,1,dataset/alphabet\Z\001_Z_009.json,2025-11-28T19:24:17.393114
001_Z_010,001,session_002,alphabet,Z,1,dataset/alphabet\Z\001_Z_010.json,2025-11-28T19:24:18.443123
001_Z_011,001,session_002,alphabet,Z,1,dataset/alphabet\Z\001_Z_011.json,2025-11-28T19:24:19.648416
001_Z_012,001,session_002,alphabet,Z,1,dataset/alphabet\Z\001_Z_012.json,2025-11-28T19:24:20.784759
001_Z_013,001,session_002,alphabet,Z,1,dataset/alphabet\Z\001_Z_013.json,2025-11-28T19:24:21.989538
001_Z_014,001,session_002,alphabet,Z,1,dataset/alphabet\Z\001_Z_014.json,2025-11-28T19:24:23.194557
001_Z_015,001,session_002,alphabet,Z,1,dataset/alphabet\Z\001_Z_015.json,2025-11-28T19:24:24.548305
003_A_001,003,session_001,alphabet,A,1,dataset/alphabet\A\003_A_001.json,2025-12-03T17:06:04.486431
003_A_002,003,session_001,alphabet,A,1,dataset/alphabet\A\003_A_002.json,2025-12-03T17:06:06.061194
003_A_003,003,session_001,alphabet,A,1,dataset/alphabet\A\003_A_003.json,2025-12-03T17:06:07.256255
003_A_004,003,session_001,alphabet,A,1,dataset/alphabet\A\003_A_004.json,2025-12-03T17:06:08.250309
003_A_005,003,session_001,alphabet,A,1,dataset/alphabet\A\003_A_005.json,2025-12-03T17:06:09.516197
003_A_006,003,session_001,alphabet,A,1,dataset/alphabet\A\003_A_006.json,2025-12-03T17:06:10.666678
003_A_007,003,session_001,alphabet,A,1,dataset/alphabet\A\003_A_007.json,2025-12-03T17:06:12.904684
003_A_008,003,session_001,alphabet,A,1,dataset/alphabet\A\003_A_008.json,2025-12-03T17:06:20.282396
003_A_009,003,session_001,alphabet,A,1,dataset/alphabet\A\003_A_009.json,2025-12-03T17:06:27.644476
003_A_010,003,session_001,alphabet,A,1,dataset/alphabet\A\003_A_010.json,2025-12-03T17:06:32.282975
003_A_011,003,session_001,alphabet,A,1,dataset/alphabet\A\003_A_011.json,2025-12-03T17:06:35.112209
003_A_012,003,session_001,alphabet,A,1,dataset/alphabet\A\003_A_012.json,2025-12-03T17:06:39.107072
003_A_013,003,session_001,alphabet,A,1,dataset/alphabet\A\003_A_013.json,2025-12-03T17:06:43.543910
003_A_014,003,session_001,alphabet,A,1,dataset/alphabet\A\003_A_014.json,2025-12-03T17:06:56.181130
003_A_015,003,session_001,alphabet,A,1,dataset/alphabet\A\003_A_015.json,2025-12-03T17:06:58.664309
003_B_001,003,session_001,alphabet,B,1,dataset/alphabet\B\003_B_001.json,2025-12-03T17:08:26.888678
003_B_002,003,session_001,alphabet,B,1,dataset/alphabet\B\003_B_002.json,2025-12-03T17:08:31.336090
003_B_003,003,session_001,alphabet,B,1,dataset/alphabet\B\003_B_003.json,2025-12-03T17:08:33.145850
003_B_004,003,session_001,alphabet,B,1,dataset/alphabet\B\003_B_004.json,2025-12-03T17:08:36.488619
003_B_005,003,session_001,alphabet,B,1,dataset/alphabet\B\003_B_005.json,2025-12-03T17:08:38.745051
003_B_006,003,session_001,alphabet,B,1,dataset/alphabet\B\003_B_006.json,2025-12-03T17:08:40.653080
003_B_007,003,session_001,alphabet,B,1,dataset/alphabet\B\003_B_007.json,2025-12-03T17:08:42.213031
003_B_008,003,session_001,alphabet,B,1,dataset/alphabet\B\003_B_008.json,2025-12-03T17:08:43.530071
003_B_009,003,session_001,alphabet,B,1,dataset/alphabet\B\003_B_009.json,2025-12-03T17:08:45.036568
003_B_010,003,session_001,alphabet,B,1,dataset/alphabet\B\003_B_010.json,2025-12-03T17:08:47.846067
003_B_011,003,session_001,alphabet,B,1,dataset/alphabet\B\003_B_011.json,2025-12-03T17:08:50.537180
003_B_012,003,session_001,alphabet,B,1,dataset/alphabet\B\003_B_012.json,2025-12-03T17:08:53.740491
003_B_013,003,session_001,alphabet,B,1,dataset/alphabet\B\003_B_013.json,2025-12-03T17:08:56.440482
003_B_014,003,session_001,alphabet,B,1,dataset/alphabet\B\003_B_014.json,2025-12-03T17:09:01.863009
003_B_015,003,session_001,alphabet,B,1,dataset/alphabet\B\003_B_015.json,2025-12-03T17:09:03.321963
003_C_001,003,session_001,alphabet,C,1,dataset/alphabet\C\003_C_001.json,2025-12-03T17:09:07.941261
003_C_002,003,session_001,alphabet,C,1,dataset/alphabet\C\003_C_002.json,2025-12-03T17:09:09.239109
003_C_003,003,session_001,alphabet,C,1,dataset/alphabet\C\003_C_003.json,2025-12-03T17:09:10.554569
003_C_004,003,session_001,alphabet,C,1,dataset/alphabet\C\003_C_004.json,2025-12-03T17:09:12.085217
003_C_005,003,session_001,alphabet,C,1,dataset/alphabet\C\003_C_005.json,2025-12-03T17:09:15.824946
003_C_006,003,session_001,alphabet,C,1,dataset/alphabet\C\003_C_006.json,2025-12-03T17:09:16.914808
003_C_007,003,session_001,alphabet,C,1,dataset/alphabet\C\003_C_007.json,2025-12-03T17:09:18.355978
003_C_008,003,session_001,alphabet,C,1,dataset/alphabet\C\003_C_008.json,2025-12-03T17:09:19.755159
003_C_009,003,session_001,alphabet,C,1,dataset/alphabet\C\003_C_009.json,2025-12-03T17:09:21.096649
003_C_010,003,session_001,alphabet,C,1,dataset/alphabet\C\003_C_010.json,2025-12-03T17:09:22.171917
003_C_011,003,session_001,alphabet,C,1,dataset/alphabet\C\003_C_011.json,2025-12-03T17:09:23.824382
003_C_012,003,session_001,alphabet,C,1,dataset/alphabet\C\003_C_012.json,2025-12-03T17:09:25.281683
003_C_013,003,session_001,alphabet,C,1,dataset/alphabet\C\003_C_013.json,2025-12-03T17:09:27.478002
003_C_014,003,session_001,alphabet,C,1,dataset/alphabet\C\003_C_014.json,2025-12-03T17:09:30.775368
003_C_015,003,session_001,alphabet,C,1,dataset/alphabet\C\003_C_015.json,2025-12-03T17:09:32.473295
003_D_001,003,session_001,alphabet,D,1,dataset/alphabet\D\003_D_001.json,2025-12-03T17:09:45.633275
003_D_002,003,session_001,alphabet,D,1,dataset/alphabet\D\003_D_002.json,2025-12-03T17:09:46.894934
003_D_003,003,session_001,alphabet,D,1,dataset/alphabet\D\003_D_003.json,2025-12-03T17:09:48.216635
003_D_004,003,session_001,alphabet,D,1,dataset/alphabet\D\003_D_004.json,2025-12-03T17:09:49.296480
003_D_005,003,session_001,alphabet,D,1,dataset/alphabet\D\003_D_005.json,2025-12-03T17:09:50.645204
003_D_006,003,session_001,alphabet,D,1,dataset/alphabet\D\003_D_006.json,2025-12-03T17:09:51.676116
003_D_007,003,session_001,alphabet,D,1,dataset/alphabet\D\003_D_007.json,2025-12-03T17:09:52.840233
003_D_008,003,session_001,alphabet,D,1,dataset/alphabet\D\003_D_008.json,2025-12-03T17:09:54.240630
003_D_009,003,session_001,alphabet,D,1,dataset/alphabet\D\003_D_009.json,2025-12-03T17:09:55.410322
003_D_010,003,session_001,alphabet,D,1,dataset/alphabet\D\003_D_010.json,2025-12-03T17:09:56.845702
003_D_011,003,session_001,alphabet,D,1,dataset/alphabet\D\003_D_011.json,2025-12-03T17:10:00.940929
003_D_012,003,session_001,alphabet,D,1,dataset/alphabet\D\003_D_012.json,2025-12-03T17:10:02.276647
003_D_013,003,session_001,alphabet,D,1,dataset/alphabet\D\003_D_013.json,2025-12-03T17:10:03.608376
003_D_014,003,session_001,alphabet,D,1,dataset/alphabet\D\003_D_014.json,2025-12-03T17:10:04.918249
003_D_015,003,session_001,alphabet,D,1,dataset/alphabet\D\003_D_015.json,2025-12-03T17:10:06.071191
003_E_001,003,session_001,alphabet,E,1,dataset/alphabet\E\003_E_001.json,2025-12-03T17:10:10.441564
003_E_002,003,session_001,alphabet,E,1,dataset/alphabet\E\003_E_002.json,2025-12-03T17:10:11.761293
003_E_003,003,session_001,alphabet,E,1,dataset/alphabet\E\003_E_003.json,2025-12-03T17:10:12.937258
003_E_004,003,session_001,alphabet,E,1,dataset/alphabet\E\003_E_004.json,2025-12-03T17:10:16.241644
003_E_005,003,session_001,alphabet,E,1,dataset/alphabet\E\003_E_005.json,2025-12-03T17:10:17.774499
003_E_006,003,session_001,alphabet,E,1,dataset/alphabet\E\003_E_006.json,2025-12-03T17:10:19.159208
003_E_007,003,session_001,alphabet,E,1,dataset/alphabet\E\003_E_007.json,2025-12-03T17:10:20.328547
003_E_008,003,session_001,alphabet,E,1,dataset/alphabet\E\003_E_008.json,2025-12-03T17:10:21.772600
003_E_009,003,session_001,alphabet,E,1,dataset/alphabet\E\003_E_009.json,2025-12-03T17:10:23.362898
003_E_010,003,session_001,alphabet,E,1,dataset/alphabet\E\003_E_010.json,2025-12-03T17:10:24.767876
003_E_011,003,session_001,alphabet,E,1,dataset/alphabet\E\003_E_011.json,2025-12-03T17:10:26.109031
003_E_012,003,session_001,alphabet,E,1,dataset/alphabet\E\003_E_012.json,2025-12-03T17:10:27.308303
003_E_013,003,session_001,alphabet,E,1,dataset/alphabet\E\003_E_013.json,2025-12-03T17:10:28.592309
003_E_014,003,session_001,alphabet,E,1,dataset/alphabet\E\003_E_014.json,2025-12-03T17:10:30.851660
003_E_015,003,session_001,alphabet,E,1,dataset/alphabet\E\003_E_015.json,2025-12-03T17:10:32.463051
003_F_001,003,session_001,alphabet,F,1,dataset/alphabet\F\003_F_001.json,2025-12-03T17:10:36.826345
003_F_002,003,session_001,alphabet,F,1,dataset/alphabet\F\003_F_002.json,2025-12-03T17:10:38.077017
003_F_003,003,session_001,alphabet,F,1,dataset/alphabet\F\003_F_003.json,2025-12-03T17:10:42.278679
003_F_004,003,session_001,alphabet,F,1,dataset/alphabet\F\003_F_004.json,2025-12-03T17:10:43.606013
003_F_005,003,session_001,alphabet,F,1,dataset/alphabet\F\003_F_005.json,2025-12-03T17:10:44.974980
003_F_006,003,session_001,alphabet,F,1,dataset/alphabet\F\003_F_006.json,2025-12-03T17:10:46.613125
003_F_007,003,session_001,alphabet,F,1,dataset/alphabet\F\003_F_007.json,2025-12-03T17:10:47.779930
003_F_008,003,session_001,alphabet,F,1,dataset/alphabet\F\003_F_008.json,2025-12-03T17:10:48.976951
003_F_009,003,session_001,alphabet,F,1,dataset/alphabet\F\003_F_009.json,2025-12-03T17:10:50.403398
003_F_010,003,session_001,alphabet,F,1,dataset/alphabet\F\003_F_010.json,2025-12-03T17:10:51.846509
003_F_011,003,session_001,alphabet,F,1,dataset/alphabet\F\003_F_011.json,2025-12-03T17:10:53.577448
003_F_012,003,session_001,alphabet,F,1,dataset/alphabet\F\003_F_012.json,2025-12-03T17:10:55.031303
003_F_013,003,session_001,alphabet,F,1,dataset/alphabet\F\003_F_013.json,2025-12-03T17:10:56.410434
003_F_014,003,session_001,alphabet,F,1,dataset/alphabet\F\003_F_014.json,2025-12-03T17:10:58.088268
003_F_015,003,session_001,alphabet,F,1,dataset/alphabet\F\003_F_015.json,2025-12-03T17:10:59.804292
003_G_001,003,session_001,alphabet,G,1,dataset/alphabet\G\003_G_001.json,2025-12-03T17:11:04.360980
003_G_002,003,session_001,alphabet,G,1,dataset/alphabet\G\003_G_002.json,2025-12-03T17:11:06.449462
003_G_003,003,session_001,alphabet,G,1,dataset/alphabet\G\003_G_003.json,2025-12-03T17:11:07.445843
003_G_004,003,session_001,alphabet,G,1,dataset/alphabet\G\003_G_004.json,2025-12-03T17:11:08.983822
003_G_005,003,session_001,alphabet,G,1,dataset/alphabet\G\003_G_005.json,2025-12-03T17:11:10.230158
003_G_006,003,session_001,alphabet,G,1,dataset/alphabet\G\003_G_006.json,2025-12-03T17:11:11.461914
003_G_007,003,session_001,alphabet,G,1,dataset/alphabet\G\003_G_007.json,2025-12-03T17:11:12.690859
003_G_008,003,session_001,alphabet,G,1,dataset/alphabet\G\003_G_008.json,2025-12-03T17:11:13.836495
003_G_009,003,session_001,alphabet,G,1,dataset/alphabet\G\003_G_009.json,2025-12-03T17:11:15.051134
003_G_010,003,session_001,alphabet,G,1,dataset/alphabet\G\003_G_010.json,2025-12-03T17:11:16.211726
003_G_011,003,session_001,alphabet,G,1,dataset/alphabet\G\003_G_011.json,2025-12-03T17:11:17.396183
003_G_012,003,session_001,alphabet,G,1,dataset/alphabet\G\003_G_012.json,2025-12-03T17:11:18.773598
003_G_013,003,session_001,alphabet,G,1,dataset/alphabet\G\003_G_013.json,2025-12-03T17:11:19.928442
003_G_014,003,session_001,alphabet,G,1,dataset/alphabet\G\003_G_014.json,2025-12-03T17:11:21.093665
003_G_015,003,session_001,alphabet,G,1,dataset/alphabet\G\003_G_015.json,2025-12-03T17:11:22.511395
003_H_001,003,session_001,alphabet,H,1,dataset/alphabet\H\003_H_001.json,2025-12-03T17:11:38.823406
003_H_002,003,session_001,alphabet,H,1,dataset/alphabet\H\003_H_002.json,2025-12-03T17:11:40.165462
003_H_003,003,session_001,alphabet,H,1,dataset/alphabet\H\003_H_003.json,2025-12-03T17:11:41.329688
003_H_004,003,session_001,alphabet,H,1,dataset/alphabet\H\003_H_004.json,2025-12-03T17:11:42.407903
003_H_005,003,session_001,alphabet,H,1,dataset/alphabet\H\003_H_005.json,2025-12-03T17:11:43.746896
003_H_006,003,session_001,alphabet,H,1,dataset/alphabet\H\003_H_006.json,2025-12-03T17:11:44.775049
003_H_007,003,session_001,alphabet,H,1,dataset/alphabet\H\003_H_007.json,2025-12-03T17:11:45.861432
003_H_008,003,session_001,alphabet,H,1,dataset/alphabet\H\003_H_008.json,2025-12-03T17:11:46.848961
003_H_009,003,session_001,alphabet,H,1,dataset/alphabet\H\003_H_009.json,2025-12-03T17:11:48.099644
003_H_010,003,session_001,alphabet,H,1,dataset/alphabet\H\003_H_010.json,2025-12-03T17:11:49.056328
003_H_011,003,session_001,alphabet,H,1,dataset/alphabet\H\003_H_011.json,2025-12-03T17:11:50.133644
003_H_012,003,session_001,alphabet,H,1,dataset/alphabet\H\003_H_012.json,2025-12-03T17:11:51.289774
003_H_013,003,session_001,alphabet,H,1,dataset/alphabet\H\003_H_013.json,2025-12-03T17:11:52.549844
003_H_014,003,session_001,alphabet,H,1,dataset/alphabet\H\003_H_014.json,2025-12-03T17:11:53.653453
003_H_015,003,session_001,alphabet,H,1,dataset/alphabet\H\003_H_015.json,2025-12-03T17:11:54.949260
003_I_001,003,session_001,alphabet,I,1,dataset/alphabet\I\003_I_001.json,2025-12-03T17:11:59.547211
003_I_002,003,session_001,alphabet,I,1,dataset/alphabet\I\003_I_002.json,2025-12-03T17:12:00.730968
003_I_003,003,session_001,alphabet,I,1,dataset/alphabet\I\003_I_003.json,2025-12-03T17:12:01.880816
003_I_004,003,session_001,alphabet,I,1,dataset/alphabet\I\003_I_004.json,2025-12-03T17:12:03.200706
003_I_005,003,session_001,alphabet,I,1,dataset/alphabet\I\003_I_005.json,2025-12-03T17:12:04.398142
003_I_006,003,session_001,alphabet,I,1,dataset/alphabet\I\003_I_006.json,2025-12-03T17:12:05.499493
003_I_007,003,session_001,alphabet,I,1,dataset/alphabet\I\003_I_007.json,2025-12-03T17:12:07.127192
003_I_008,003,session_001,alphabet,I,1,dataset/alphabet\I\003_I_008.json,2025-12-03T17:12:08.371163
003_I_009,003,session_001,alphabet,I,1,dataset/alphabet\I\003_I_009.json,2025-12-03T17:12:09.690868
003_I_010,003,session_001,alphabet,I,1,dataset/alphabet\I\003_I_010.json,2025-12-03T17:12:10.681891
003_I_011,003,session_001,alphabet,I,1,dataset/alphabet\I\003_I_011.json,2025-12-03T17:12:11.848805
003_I_012,003,session_001,alphabet,I,1,dataset/alphabet\I\003_I_012.json,2025-12-03T17:12:13.950261
003_I_013,003,session_001,alphabet,I,1,dataset/alphabet\I\003_I_013.json,2025-12-03T17:12:15.541876
003_I_014,003,session_001,alphabet,I,1,dataset/alphabet\I\003_I_014.json,2025-12-03T17:12:17.015223
003_I_015,003,session_001,alphabet,I,1,dataset/alphabet\I\003_I_015.json,2025-12-03T17:12:18.753829
003_J_001,003,session_001,alphabet,J,1,dataset/alphabet\J\003_J_001.json,2025-12-03T17:12:44.564910
003_J_002,003,session_001,alphabet,J,1,dataset/alphabet\J\003_J_002.json,2025-12-03T17:12:47.572223
003_J_003,003,session_001,alphabet,J,1,dataset/alphabet\J\003_J_003.json,2025-12-03T17:12:49.175283
003_J_004,003,session_001,alphabet,J,1,dataset/alphabet\J\003_J_004.json,2025-12-03T17:12:53.831776
003_J_005,003,session_001,alphabet,J,1,dataset/alphabet\J\003_J_005.json,2025-12-03T17:12:56.701109
003_J_006,003,session_001,alphabet,J,1,dataset/alphabet\J\003_J_006.json,2025-12-03T17:12:59.977660
003_J_007,003,session_001,alphabet,J,1,dataset/alphabet\J\003_J_007.json,2025-12-03T17:13:01.268267
003_J_008,003,session_001,alphabet,J,1,dataset/alphabet\J\003_J_008.json,2025-12-03T17:13:04.000938
003_J_009,003,session_001,alphabet,J,1,dataset/alphabet\J\003_J_009.json,2025-12-03T17:13:05.390189
003_J_010,003,session_001,alphabet,J,1,dataset/alphabet\J\003_J_010.json,2025-12-03T17:13:06.902357
003_J_011,003,session_001,alphabet,J,1,dataset/alphabet\J\003_J_011.json,2025-12-03T17:13:08.294723
003_J_012,003,session_001,alphabet,J,1,dataset/alphabet\J\003_J_012.json,2025-12-03T17:13:12.021368
003_J_013,003,session_001,alphabet,J,1,dataset/alphabet\J\003_J_013.json,2025-12-03T17:13:13.370741
003_J_014,003,session_001,alphabet,J,1,dataset/alphabet\J\003_J_014.json,2025-12-03T17:13:14.654302
003_J_015,003,session_001,alphabet,J,1,dataset/alphabet\J\003_J_015.json,2025-12-03T17:13:16.206633
003_K_001,003,session_001,alphabet,K,1,dataset/alphabet\K\003_K_001.json,2025-12-03T17:13:32.531477
003_K_002,003,session_001,alphabet,K,1,dataset/alphabet\K\003_K_002.json,2025-12-03T17:13:39.569762
003_K_003,003,session_001,alphabet,K,1,dataset/alphabet\K\003_K_003.json,2025-12-03T17:13:40.744701
003_K_004,003,session_001,alphabet,K,1,dataset/alphabet\K\003_K_004.json,2025-12-03T17:13:42.248763
003_K_005,003,session_001,alphabet,K,1,dataset/alphabet\K\003_K_005.json,2025-12-03T17:13:43.559662
003_K_006,003,session_001,alphabet,K,1,dataset/alphabet\K\003_K_006.json,2025-12-03T17:13:44.723419
003_K_007,003,session_001,alphabet,K,1,dataset/alphabet\K\003_K_007.json,2025-12-03T17:13:46.107151
003_K_008,003,session_001,alphabet,K,1,dataset/alphabet\K\003_K_008.json,2025-12-03T17:13:47.362993
003_K_009,003,session_001,alphabet,K,1,dataset/alphabet\K\003_K_009.json,2025-12-03T17:13:48.548317
003_K_010,003,session_001,alphabet,K,1,dataset/alphabet\K\003_K_010.json,2025-12-03T17:13:50.019978
003_K_011,003,session_001,alphabet,K,1,dataset/alphabet\K\003_K_011.json,2025-12-03T17:13:51.281710
003_K_012,003,session_001,alphabet,K,1,dataset/alphabet\K\003_K_012.json,2025-12-03T17:13:54.956719
003_K_013,003,session_001,alphabet,K,1,dataset/alphabet\K\003_K_013.json,2025-12-03T17:13:56.492161
003_K_014,003,session_001,alphabet,K,1,dataset/alphabet\K\003_K_014.json,2025-12-03T17:14:00.439527
003_K_015,003,session_001,alphabet,K,1,dataset/alphabet\K\003_K_015.json,2025-12-03T17:14:03.274775
003_L_001,003,session_001,alphabet,L,1,dataset/alphabet\L\003_L_001.json,2025-12-03T17:14:16.878261
003_L_002,003,session_001,alphabet,L,1,dataset/alphabet\L\003_L_002.json,2025-12-03T17:14:18.085439
003_L_003,003,session_001,alphabet,L,1,dataset/alphabet\L\003_L_003.json,2025-12-03T17:14:19.421733
003_L_004,003,session_001,alphabet,L,1,dataset/alphabet\L\003_L_004.json,2025-12-03T17:14:20.988471
003_L_005,003,session_001,alphabet,L,1,dataset/alphabet\L\003_L_005.json,2025-12-03T17:14:22.356161
003_L_006,003,session_001,alphabet,L,1,dataset/alphabet\L\003_L_006.json,2025-12-03T17:14:23.695115
003_L_007,003,session_001,alphabet,L,1,dataset/alphabet\L\003_L_007.json,2025-12-03T17:14:24.965348
003_L_008,003,session_001,alphabet,L,1,dataset/alphabet\L\003_L_008.json,2025-12-03T17:14:27.019931
003_L_009,003,session_001,alphabet,L,1,dataset/alphabet\L\003_L_009.json,2025-12-03T17:14:29.574925
003_L_010,003,session_001,alphabet,L,1,dataset/alphabet\L\003_L_010.json,2025-12-03T17:14:31.109496
003_L_011,003,session_001,alphabet,L,1,dataset/alphabet\L\003_L_011.json,2025-12-03T17:14:32.583160
003_L_012,003,session_001,alphabet,L,1,dataset/alphabet\L\003_L_012.json,2025-12-03T17:14:33.777483
003_L_013,003,session_001,alphabet,L,1,dataset/alphabet\L\003_L_013.json,2025-12-03T17:14:35.254178
003_L_014,003,session_001,alphabet,L,1,dataset/alphabet\L\003_L_014.json,2025-12-03T17:14:36.658856
003_L_015,003,session_001,alphabet,L,1,dataset/alphabet\L\003_L_015.json,2025-12-03T17:14:38.084126
003_M_001,003,session_001,alphabet,M,1,dataset/alphabet\M\003_M_001.json,2025-12-03T17:14:56.641222
003_M_002,003,session_001,alphabet,M,1,dataset/alphabet\M\003_M_002.json,2025-12-03T17:14:58.291517
003_M_003,003,session_001,alphabet,M,1,dataset/alphabet\M\003_M_003.json,2025-12-03T17:15:01.082144
003_M_004,003,session_001,alphabet,M,1,dataset/alphabet\M\003_M_004.json,2025-12-03T17:15:02.700274
003_M_005,003,session_001,alphabet,M,1,dataset/alphabet\M\003_M_005.json,2025-12-03T17:15:03.808096
003_M_006,003,session_001,alphabet,M,1,dataset/alphabet\M\003_M_006.json,2025-12-03T17:15:05.170407
003_M_007,003,session_001,alphabet,M,1,dataset/alphabet\M\003_M_007.json,2025-12-03T17:15:06.293939
003_M_008,003,session_001,alphabet,M,1,dataset/alphabet\M\003_M_008.json,2025-12-03T17:15:07.534102
003_M_009,003,session_001,alphabet,M,1,dataset/alphabet\M\003_M_009.json,2025-12-03T17:15:08.869080
003_M_010,003,session_001,alphabet,M,1,dataset/alphabet\M\003_M_010.json,2025-12-03T17:15:12.436122
003_M_011,003,session_001,alphabet,M,1,dataset/alphabet\M\003_M_011.json,2025-12-03T17:15:13.463016
003_M_012,003,session_001,alphabet,M,1,dataset/alphabet\M\003_M_012.json,2025-12-03T17:15:14.666202
003_M_013,003,session_001,alphabet,M,1,dataset/alphabet\M\003_M_013.json,2025-12-03T17:15:15.917499
003_M_014,003,session_001,alphabet,M,1,dataset/alphabet\M\003_M_014.json,2025-12-03T17:15:17.324382
003_M_015,003,session_001,alphabet,M,1,dataset/alphabet\M\003_M_015.json,2025-12-03T17:15:18.475231
003_N_001,003,session_001,alphabet,N,1,dataset/alphabet\N\003_N_001.json,2025-12-03T17:15:24.868376
003_N_002,003,session_001,alphabet,N,1,dataset/alphabet\N\003_N_002.json,2025-12-03T17:15:26.262344
003_N_003,003,session_001,alphabet,N,1,dataset/alphabet\N\003_N_003.json,2025-12-03T17:15:28.675591
003_N_004,003,session_001,alphabet,N,1,dataset/alphabet\N\003_N_004.json,2025-12-03T17:15:31.609586
003_N_005,003,session_001,alphabet,N,1,dataset/alphabet\N\003_N_005.json,2025-12-03T17:15:32.775928
003_N_006,003,session_001,alphabet,N,1,dataset/alphabet\N\003_N_006.json,2025-12-03T17:15:34.173609
003_N_007,003,session_001,alphabet,N,1,dataset/alphabet\N\003_N_007.json,2025-12-03T17:15:35.142693
003_N_008,003,session_001,alphabet,N,1,dataset/alphabet\N\003_N_008.json,2025-12-03T17:15:36.554574
003_N_009,003,session_001,alphabet,N,1,dataset/alphabet\N\003_N_009.json,2025-12-03T17:15:37.978504
003_N_010,003,session_001,alphabet,N,1,dataset/alphabet\N\003_N_010.json,2025-12-03T17:15:39.477322
003_N_011,003,session_001,alphabet,N,1,dataset/alphabet\N\003_N_011.json,2025-12-03T17:15:40.509679
003_N_012,003,session_001,alphabet,N,1,dataset/alphabet\N\003_N_012.json,2025-12-03T17:15:41.776428
003_N_013,003,session_001,alphabet,N,1,dataset/alphabet\N\003_N_013.json,2025-12-03T17:15:43.284051
003_N_014,003,session_001,alphabet,N,1,dataset/alphabet\N\003_N_014.json,2025-12-03T17:15:44.568710
003_N_015,003,session_001,alphabet,N,1,dataset/alphabet\N\003_N_015.json,2025-12-03T17:15:45.959938
003_O_001,003,session_001,alphabet,O,1,dataset/alphabet\O\003_O_001.json,2025-12-03T17:15:56.324176
003_O_002,003,session_001,alphabet,O,1,dataset/alphabet\O\003_O_002.json,2025-12-03T17:15:57.688336
003_O_003,003,session_001,alphabet,O,1,dataset/alphabet\O\003_O_003.json,2025-12-03T17:15:58.677446
003_O_004,003,session_001,alphabet,O,1,dataset/alphabet\O\003_O_004.json,2025-12-03T17:15:59.957369
003_O_005,003,session_001,alphabet,O,1,dataset/alphabet\O\003_O_005.json,2025-12-03T17:16:03.713216
003_O_006,003,session_001,alphabet,O,1,dataset/alphabet\O\003_O_006.json,2025-12-03T17:16:05.105401
003_O_007,003,session_001,alphabet,O,1,dataset/alphabet\O\003_O_007.json,2025-12-03T17:16:06.561116
003_O_008,003,session_001,alphabet,O,1,dataset/alphabet\O\003_O_008.json,2025-12-03T17:16:08.008632
003_O_009,003,session_001,alphabet,O,1,dataset/alphabet\O\003_O_009.json,2025-12-03T17:16:08.947298
003_O_010,003,session_001,alphabet,O,1,dataset/alphabet\O\003_O_010.json,2025-12-03T17:16:10.259522
003_O_011,003,session_001,alphabet,O,1,dataset/alphabet\O\003_O_011.json,2025-12-03T17:16:11.299401
003_O_012,003,session_001,alphabet,O,1,dataset/alphabet\O\003_O_012.json,2025-12-03T17:16:12.623811
003_O_013,003,session_001,alphabet,O,1,dataset/alphabet\O\003_O_013.json,2025-12-03T17:16:13.853734
003_O_014,003,session_001,alphabet,O,1,dataset/alphabet\O\003_O_014.json,2025-12-03T17:16:15.329268
003_O_015,003,session_001,alphabet,O,1,dataset/alphabet\O\003_O_015.json,2025-12-03T17:16:16.878481
003_P_001,003,session_001,alphabet,P,1,dataset/alphabet\P\003_P_001.json,2025-12-03T17:16:24.260252
003_P_002,003,session_001,alphabet,P,1,dataset/alphabet\P\003_P_002.json,2025-12-03T17:16:25.614640
003_P_003,003,session_001,alphabet,P,1,dataset/alphabet\P\003_P_003.json,2025-12-03T17:16:26.662393
003_P_004,003,session_001,alphabet,P,1,dataset/alphabet\P\003_P_004.json,2025-12-03T17:16:27.828732
003_P_005,003,session_001,alphabet,P,1,dataset/alphabet\P\003_P_005.json,2025-12-03T17:16:28.891637
003_P_006,003,session_001,alphabet,P,1,dataset/alphabet\P\003_P_006.json,2025-12-03T17:16:30.063933
003_P_007,003,session_001,alphabet,P,1,dataset/alphabet\P\003_P_007.json,2025-12-03T17:16:32.482492
003_P_008,003,session_001,alphabet,P,1,dataset/alphabet\P\003_P_008.json,2025-12-03T17:16:33.468469
003_P_009,003,session_001,alphabet,P,1,dataset/alphabet\P\003_P_009.json,2025-12-03T17:16:34.829420
003_P_010,003,session_001,alphabet,P,1,dataset/alphabet\P\003_P_010.json,2025-12-03T17:16:36.324927
003_P_011,003,session_001,alphabet,P,1,dataset/alphabet\P\003_P_011.json,2025-12-03T17:16:37.440700
003_P_012,003,session_001,alphabet,P,1,dataset/alphabet\P\003_P_012.json,2025-12-03T17:16:39.038256
003_P_013,003,session_001,alphabet,P,1,dataset/alphabet\P\003_P_013.json,2025-12-03T17:16:40.305567
003_P_014,003,session_001,alphabet,P,1,dataset/alphabet\P\003_P_014.json,2025-12-03T17:16:41.673885
003_P_015,003,session_001,alphabet,P,1,dataset/alphabet\P\003_P_015.json,2025-12-03T17:16:42.842975
003_Q_001,003,session_001,alphabet,Q,1,dataset/alphabet\Q\003_Q_001.json,2025-12-03T17:16:44.375036
003_Q_002,003,session_001,alphabet,Q,1,dataset/alphabet\Q\003_Q_002.json,2025-12-03T17:16:53.663716
003_Q_003,003,session_001,alphabet,Q,1,dataset/alphabet\Q\003_Q_003.json,2025-12-03T17:16:56.390740
003_Q_004,003,session_001,alphabet,Q,1,dataset/alphabet\Q\003_Q_004.json,2025-12-03T17:16:58.277391
003_Q_005,003,session_001,alphabet,Q,1,dataset/alphabet\Q\003_Q_005.json,2025-12-03T17:16:59.964512
003_Q_006,003,session_001,alphabet,Q,1,dataset/alphabet\Q\003_Q_006.json,2025-12-03T17:17:02.091458
003_Q_007,003,session_001,alphabet,Q,1,dataset/alphabet\Q\003_Q_007.json,2025-12-03T17:17:04.323403
003_Q_008,003,session_001,alphabet,Q,1,dataset/alphabet\Q\003_Q_008.json,2025-12-03T17:17:05.897953
003_Q_009,003,session_001,alphabet,Q,1,dataset/alphabet\Q\003_Q_009.json,2025-12-03T17:17:07.425929
003_Q_010,003,session_001,alphabet,Q,1,dataset/alphabet\Q\003_Q_010.json,2025-12-03T17:17:08.730987
003_Q_011,003,session_001,alphabet,Q,1,dataset/alphabet\Q\003_Q_011.json,2025-12-03T17:17:09.933160
003_Q_012,003,session_001,alphabet,Q,1,dataset/alphabet\Q\003_Q_012.json,2025-12-03T17:17:13.449082
003_Q_013,003,session_001,alphabet,Q,1,dataset/alphabet\Q\003_Q_013.json,2025-12-03T17:17:19.093757
003_Q_014,003,session_001,alphabet,Q,1,dataset/alphabet\Q\003_Q_014.json,2025-12-03T17:17:20.931923
003_Q_015,003,session_001,alphabet,Q,1,dataset/alphabet\Q\003_Q_015.json,2025-12-03T17:17:23.331583
003_R_001,003,session_001,alphabet,R,1,dataset/alphabet\R\003_R_001.json,2025-12-03T17:17:28.556184
003_R_002,003,session_001,alphabet,R,1,dataset/alphabet\R\003_R_002.json,2025-12-03T17:17:30.085044
003_R_003,003,session_001,alphabet,R,1,dataset/alphabet\R\003_R_003.json,2025-12-03T17:17:31.389293
003_R_004,003,session_001,alphabet,R,1,dataset/alphabet\R\003_R_004.json,2025-12-03T17:17:32.666206
003_R_005,003,session_001,alphabet,R,1,dataset/alphabet\R\003_R_005.json,2025-12-03T17:17:33.956197
003_R_006,003,session_001,alphabet,R,1,dataset/alphabet\R\003_R_006.json,2025-12-03T17:17:35.465830
003_R_007,003,session_001,alphabet,R,1,dataset/alphabet\R\003_R_007.json,2025-12-03T17:17:36.816682
003_R_008,003,session_001,alphabet,R,1,dataset/alphabet\R\003_R_008.json,2025-12-03T17:17:38.092815
003_R_009,003,session_001,alphabet,R,1,dataset/alphabet\R\003_R_009.json,2025-12-03T17:17:39.349586
003_R_010,003,session_001,alphabet,R,1,dataset/alphabet\R\003_R_010.json,2025-12-03T17:17:40.802971
003_R_011,003,session_001,alphabet,R,1,dataset/alphabet\R\003_R_011.json,2025-12-03T17:17:44.843496
003_R_012,003,session_001,alphabet,R,1,dataset/alphabet\R\003_R_012.json,2025-12-03T17:17:46.533337
003_R_013,003,session_001,alphabet,R,1,dataset/alphabet\R\003_R_013.json,2025-12-03T17:17:48.058836
003_R_014,003,session_001,alphabet,R,1,dataset/alphabet\R\003_R_014.json,2025-12-03T17:17:49.156941
003_R_015,003,session_001,alphabet,R,1,dataset/alphabet\R\003_R_015.json,2025-12-03T17:17:50.586228
003_S_001,003,session_001,alphabet,S,1,dataset/alphabet\S\003_S_001.json,2025-12-03T17:18:20.101060
003_S_002,003,session_001,alphabet,S,1,dataset/alphabet\S\003_S_002.json,2025-12-03T17:18:22.311102
003_S_003,003,session_001,alphabet,S,1,dataset/alphabet\S\003_S_003.json,2025-12-03T17:18:33.335693
003_S_004,003,session_001,alphabet,S,1,dataset/alphabet\S\003_S_004.json,2025-12-03T17:18:34.835833
003_S_005,003,session_001,alphabet,S,1,dataset/alphabet\S\003_S_005.json,2025-12-03T17:18:36.142844
003_S_006,003,session_001,alphabet,S,1,dataset/alphabet\S\003_S_006.json,2025-12-03T17:18:38.052094
003_S_007,003,session_001,alphabet,S,1,dataset/alphabet\S\003_S_007.json,2025-12-03T17:18:39.498068
003_S_008,003,session_001,alphabet,S,1,dataset/alphabet\S\003_S_008.json,2025-12-03T17:18:40.822651
003_S_009,003,session_001,alphabet,S,1,dataset/alphabet\S\003_S_009.json,2025-12-03T17:18:41.986981
003_S_010,003,session_001,alphabet,S,1,dataset/alphabet\S\003_S_010.json,2025-12-03T17:18:44.169795
003_S_011,003,session_001,alphabet,S,1,dataset/alphabet\S\003_S_011.json,2025-12-03T17:18:45.705689
003_S_012,003,session_001,alphabet,S,1,dataset/alphabet\S\003_S_012.json,2025-12-03T17:18:47.037062
003_S_013,003,session_001,alphabet,S,1,dataset/alphabet\S\003_S_013.json,2025-12-03T17:18:48.451767
003_S_014,003,session_001,alphabet,S,1,dataset/alphabet\S\003_S_014.json,2025-12-03T17:18:49.845273
003_S_015,003,session_001,alphabet,S,1,dataset/alphabet\S\003_S_015.json,2025-12-03T17:18:51.449686
003_T_001,003,session_001,alphabet,T,1,dataset/alphabet\T\003_T_001.json,2025-12-03T17:19:02.337316
003_T_002,003,session_001,alphabet,T,1,dataset/alphabet\T\003_T_002.json,2025-12-03T17:19:04.304580
003_T_003,003,session_001,alphabet,T,1,dataset/alphabet\T\003_T_003.json,2025-12-03T17:19:05.868113
003_T_004,003,session_001,alphabet,T,1,dataset/alphabet\T\003_T_004.json,2025-12-03T17:19:07.246291
003_T_005,003,session_001,alphabet,T,1,dataset/alphabet\T\003_T_005.json,2025-12-03T17:19:08.356895
003_T_006,003,session_001,alphabet,T,1,dataset/alphabet\T\003_T_006.json,2025-12-03T17:19:09.932834
003_T_007,003,session_001,alphabet,T,1,dataset/alphabet\T\003_T_007.json,2025-12-03T17:19:10.955219
003_T_008,003,session_001,alphabet,T,1,dataset/alphabet\T\003_T_008.json,2025-12-03T17:19:13.838305
003_T_009,003,session_001,alphabet,T,1,dataset/alphabet\T\003_T_009.json,2025-12-03T17:19:15.121548
003_T_010,003,session_001,alphabet,T,1,dataset/alphabet\T\003_T_010.json,2025-12-03T17:19:16.438096
003_T_011,003,session_001,alphabet,T,1,dataset/alphabet\T\003_T_011.json,2025-12-03T17:19:17.901356
003_T_012,003,session_001,alphabet,T,1,dataset/alphabet\T\003_T_012.json,2025-12-03T17:19:19.471577
003_T_013,003,session_001,alphabet,T,1,dataset/alphabet\T\003_T_013.json,2025-12-03T17:19:21.088326
003_T_014,003,session_001,alphabet,T,1,dataset/alphabet\T\003_T_014.json,2025-12-03T17:19:22.388448
003_T_015,003,session_001,alphabet,T,1,dataset/alphabet\T\003_T_015.json,2025-12-03T17:19:23.802342
003_U_001,003,session_001,alphabet,U,1,dataset/alphabet\U\003_U_001.json,2025-12-03T17:19:31.506093
003_U_002,003,session_001,alphabet,U,1,dataset/alphabet\U\003_U_002.json,2025-12-03T17:19:42.632337
003_U_003,003,session_001,alphabet,U,1,dataset/alphabet\U\003_U_003.json,2025-12-03T17:19:44.473332
003_U_004,003,session_001,alphabet,U,1,dataset/alphabet\U\003_U_004.json,2025-12-03T17:19:45.949334
003_U_005,003,session_001,alphabet,U,1,dataset/alphabet\U\003_U_005.json,2025-12-03T17:19:47.289982
003_U_006,003,session_001,alphabet,U,1,dataset/alphabet\U\003_U_006.json,2025-12-03T17:19:48.393327
003_U_007,003,session_001,alphabet,U,1,dataset/alphabet\U\003_U_007.json,2025-12-03T17:19:49.926593
003_U_008,003,session_001,alphabet,U,1,dataset/alphabet\U\003_U_008.json,2025-12-03T17:19:50.984717
003_U_009,003,session_001,alphabet,U,1,dataset/alphabet\U\003_U_009.json,2025-12-03T17:19:52.661884
003_U_010,003,session_001,alphabet,U,1,dataset/alphabet\U\003_U_010.json,2025-12-03T17:19:53.940621
003_U_011,003,session_001,alphabet,U,1,dataset/alphabet\U\003_U_011.json,2025-12-03T17:19:55.150580
003_U_012,003,session_001,alphabet,U,1,dataset/alphabet\U\003_U_012.json,2025-12-03T17:19:57.000499
003_U_013,003,session_001,alphabet,U,1,dataset/alphabet\U\003_U_013.json,2025-12-03T17:19:58.539827
003_U_014,003,session_001,alphabet,U,1,dataset/alphabet\U\003_U_014.json,2025-12-03T17:19:59.757499
003_U_015,003,session_001,alphabet,U,1,dataset/alphabet\U\003_U_015.json,2025-12-03T17:20:01.158593
003_V_001,003,session_001,alphabet,V,1,dataset/alphabet\V\003_V_001.json,2025-12-03T17:20:05.684210
003_V_002,003,session_001,alphabet,V,1,dataset/alphabet\V\003_V_002.json,2025-12-03T17:20:07.310705
003_V_003,003,session_001,alphabet,V,1,dataset/alphabet\V\003_V_003.json,2025-12-03T17:20:09.718372
003_V_004,003,session_001,alphabet,V,1,dataset/alphabet\V\003_V_004.json,2025-12-03T17:20:11.016441
003_V_005,003,session_001,alphabet,V,1,dataset/alphabet\V\003_V_005.json,2025-12-03T17:20:12.343455
003_V_006,003,session_001,alphabet,V,1,dataset/alphabet\V\003_V_006.json,2025-12-03T17:20:13.424855
003_V_007,003,session_001,alphabet,V,1,dataset/alphabet\V\003_V_007.json,2025-12-03T17:20:14.924668
003_V_008,003,session_001,alphabet,V,1,dataset/alphabet\V\003_V_008.json,2025-12-03T17:20:16.674999
003_V_009,003,session_001,alphabet,V,1,dataset/alphabet\V\003_V_009.json,2025-12-03T17:20:17.828732
003_V_010,003,session_001,alphabet,V,1,dataset/alphabet\V\003_V_010.json,2025-12-03T17:20:18.977741
003_V_011,003,session_001,alphabet,V,1,dataset/alphabet\V\003_V_011.json,2025-12-03T17:20:20.358289
003_V_012,003,session_001,alphabet,V,1,dataset/alphabet\V\003_V_012.json,2025-12-03T17:20:21.413872
003_V_013,003,session_001,alphabet,V,1,dataset/alphabet\V\003_V_013.json,2025-12-03T17:20:22.813738
003_V_014,003,session_001,alphabet,V,1,dataset/alphabet\V\003_V_014.json,2025-12-03T17:20:24.012515
003_V_015,003,session_001,alphabet,V,1,dataset/alphabet\V\003_V_015.json,2025-12-03T17:20:25.341837
003_W_001,003,session_001,alphabet,W,1,dataset/alphabet\W\003_W_001.json,2025-12-03T17:20:38.250218
003_W_002,003,session_001,alphabet,W,1,dataset/alphabet\W\003_W_002.json,2025-12-03T17:20:44.059863
003_W_003,003,session_001,alphabet,W,1,dataset/alphabet\W\003_W_003.json,2025-12-03T17:20:46.763510
003_W_004,003,session_001,alphabet,W,1,dataset/alphabet\W\003_W_004.json,2025-12-03T17:20:47.943743
003_W_005,003,session_001,alphabet,W,1,dataset/alphabet\W\003_W_005.json,2025-12-03T17:20:49.426963
003_W_006,003,session_001,alphabet,W,1,dataset/alphabet\W\003_W_006.json,2025-12-03T17:20:50.520454
003_W_007,003,session_001,alphabet,W,1,dataset/alphabet\W\003_W_007.json,2025-12-03T17:20:51.826691
003_W_008,003,session_001,alphabet,W,1,dataset/alphabet\W\003_W_008.json,2025-12-03T17:20:53.080294
003_W_009,003,session_001,alphabet,W,1,dataset/alphabet\W\003_W_009.json,2025-12-03T17:20:54.686016
003_W_010,003,session_001,alphabet,W,1,dataset/alphabet\W\003_W_010.json,2025-12-03T17:20:56.211081
003_W_011,003,session_001,alphabet,W,1,dataset/alphabet\W\003_W_011.json,2025-12-03T17:20:58.343667
003_W_012,003,session_001,alphabet,W,1,dataset/alphabet\W\003_W_012.json,2025-12-03T17:20:59.910380
003_W_013,003,session_001,alphabet,W,1,dataset/alphabet\W\003_W_013.json,2025-12-03T17:21:01.130782
003_W_014,003,session_001,alphabet,W,1,dataset/alphabet\W\003_W_014.json,2025-12-03T17:21:02.494931
003_W_015,003,session_001,alphabet,W,1,dataset/alphabet\W\003_W_015.json,2025-12-03T17:21:03.793695
003_X_001,003,session_001,alphabet,X,1,dataset/alphabet\X\003_X_001.json,2025-12-03T17:21:08.410869
003_X_002,003,session_001,alphabet,X,1,dataset/alphabet\X\003_X_002.json,2025-12-03T17:21:09.679926
003_X_003,003,session_001,alphabet,X,1,dataset/alphabet\X\003_X_003.json,2025-12-03T17:21:11.011267
003_X_004,003,session_001,alphabet,X,1,dataset/alphabet\X\003_X_004.json,2025-12-03T17:21:12.078260
003_X_005,003,session_001,alphabet,X,1,dataset/alphabet\X\003_X_005.json,2025-12-03T17:21:13.194494
003_X_006,003,session_001,alphabet,X,1,dataset/alphabet\X\003_X_006.json,2025-12-03T17:21:14.598002
003_X_007,003,session_001,alphabet,X,1,dataset/alphabet\X\003_X_007.json,2025-12-03T17:21:16.223492
003_X_008,003,session_001,alphabet,X,1,dataset/alphabet\X\003_X_008.json,2025-12-03T17:21:17.540566
003_X_009,003,session_001,alphabet,X,1,dataset/alphabet\X\003_X_009.json,2025-12-03T17:21:18.728139
003_X_010,003,session_001,alphabet,X,1,dataset/alphabet\X\003_X_010.json,2025-12-03T17:21:20.275727
003_X_011,003,session_001,alphabet,X,1,dataset/alphabet\X\003_X_011.json,2025-12-03T17:21:21.461877
003_X_012,003,session_001,alphabet,X,1,dataset/alphabet\X\003_X_012.json,2025-12-03T17:21:22.662405
003_X_013,003,session_001,alphabet,X,1,dataset/alphabet\X\003_X_013.json,2025-12-03T17:21:25.333042
003_X_014,003,session_001,alphabet,X,1,dataset/alphabet\X\003_X_014.json,2025-12-03T17:21:27.045014
003_X_015,003,session_001,alphabet,X,1,dataset/alphabet\X\003_X_015.json,2025-12-03T17:21:28.777580
003_Y_001,003,session_001,alphabet,Y,1,dataset/alphabet\Y\003_Y_001.json,2025-12-03T17:21:59.333625
003_Y_002,003,session_001,alphabet,Y,1,dataset/alphabet\Y\003_Y_002.json,2025-12-03T17:22:00.644976
003_Y_003,003,session_001,alphabet,Y,1,dataset/alphabet\Y\003_Y_003.json,2025-12-03T17:22:02.169163
003_Y_004,003,session_001,alphabet,Y,1,dataset/alphabet\Y\003_Y_004.json,2025-12-03T17:22:03.618688
003_Y_005,003,session_001,alphabet,Y,1,dataset/alphabet\Y\003_Y_005.json,2025-12-03T17:22:04.806842
003_Y_006,003,session_001,alphabet,Y,1,dataset/alphabet\Y\003_Y_006.json,2025-12-03T17:22:06.129838
003_Y_007,003,session_001,alphabet,Y,1,dataset/alphabet\Y\003_Y_007.json,2025-12-03T17:22:07.211668
003_Y_008,003,session_001,alphabet,Y,1,dataset/alphabet\Y\003_Y_008.json,2025-12-03T17:22:08.788922
003_Y_009,003,session_001,alphabet,Y,1,dataset/alphabet\Y\003_Y_009.json,2025-12-03T17:22:11.589934
003_Y_010,003,session_001,alphabet,Y,1,dataset/alphabet\Y\003_Y_010.json,2025-12-03T17:22:12.887011
003_Y_011,003,session_001,alphabet,Y,1,dataset/alphabet\Y\003_Y_011.json,2025-12-03T17:22:13.894655
003_Y_012,003,session_001,alphabet,Y,1,dataset/alphabet\Y\003_Y_012.json,2025-12-03T17:22:15.380782
003_Y_013,003,session_001,alphabet,Y,1,dataset/alphabet\Y\003_Y_013.json,2025-12-03T17:22:16.549480
003_Y_014,003,session_001,alphabet,Y,1,dataset/alphabet\Y\003_Y_014.json,2025-12-03T17:22:17.753321
003_Y_015,003,session_001,alphabet,Y,1,dataset/alphabet\Y\003_Y_015.json,2025-12-03T17:22:18.981072
003_Z_001,003,session_001,alphabet,Z,1,dataset/alphabet\Z\003_Z_001.json,2025-12-03T17:22:39.779778
003_Z_002,003,session_001,alphabet,Z,1,dataset/alphabet\Z\003_Z_002.json,2025-12-03T17:22:41.541984
003_Z_003,003,session_001,alphabet,Z,1,dataset/alphabet\Z\003_Z_003.json,2025-12-03T17:22:42.632788
003_Z_004,003,session_001,alphabet,Z,1,dataset/alphabet\Z\003_Z_004.json,2025-12-03T17:22:44.012543
003_Z_005,003,session_001,alphabet,Z,1,dataset/alphabet\Z\003_Z_005.json,2025-12-03T17:22:45.141234
003_Z_006,003,session_001,alphabet,Z,1,dataset/alphabet\Z\003_Z_006.json,2025-12-03T17:22:46.341584
003_Z_007,003,session_001,alphabet,Z,1,dataset/alphabet\Z\003_Z_007.json,2025-12-03T17:22:47.492663
003_Z_008,003,session_001,alphabet,Z,1,dataset/alphabet\Z\003_Z_008.json,2025-12-03T17:22:48.484768
003_Z_009,003,session_001,alphabet,Z,1,dataset/alphabet\Z\003_Z_009.json,2025-12-03T17:22:49.739142
003_Z_010,003,session_001,alphabet,Z,1,dataset/alphabet\Z\003_Z_010.json,2025-12-03T17:22:50.788816
003_Z_011,003,session_001,alphabet,Z,1,dataset/alphabet\Z\003_Z_011.json,2025-12-03T17:22:52.068580
003_Z_012,003,session_001,alphabet,Z,1,dataset/alphabet\Z\003_Z_012.json,2025-12-03T17:22:53.298720
003_Z_013,003,session_001,alphabet,Z,1,dataset/alphabet\Z\003_Z_013.json,2025-12-03T17:22:54.083732
003_Z_014,003,session_001,alphabet,Z,1,dataset/alphabet\Z\003_Z_014.json,2025-12-03T17:22:55.157938
003_Z_015,003,session_001,alphabet,Z,1,dataset/alphabet\Z\003_Z_015.json,2025-12-03T17:22:56.430138
004_A_001,004,session_001,alphabet,A,1,dataset/alphabet\A\004_A_001.json,2025-12-04T14:57:28.733006
004_A_002,004,session_001,alphabet,A,1,dataset/alphabet\A\004_A_002.json,2025-12-04T14:57:30.537350
004_A_003,004,session_001,alphabet,A,1,dataset/alphabet\A\004_A_003.json,2025-12-04T14:57:34.795888
004_A_004,004,session_001,alphabet,A,1,dataset/alphabet\A\004_A_004.json,2025-12-04T14:57:36.414482
004_A_005,004,session_001,alphabet,A,1,dataset/alphabet\A\004_A_005.json,2025-12-04T14:57:37.625910
004_A_006,004,session_001,alphabet,A,1,dataset/alphabet\A\004_A_006.json,2025-12-04T14:57:38.776569
004_A_007,004,session_001,alphabet,A,1,dataset/alphabet\A\004_A_007.json,2025-12-04T14:57:40.870753
004_A_008,004,session_001,alphabet,A,1,dataset/alphabet\A\004_A_008.json,2025-12-04T14:57:42.442551
004_A_009,004,session_001,alphabet,A,1,dataset/alphabet\A\004_A_009.json,2025-12-04T14:57:43.464682
004_A_010,004,session_001,alphabet,A,1,dataset/alphabet\A\004_A_010.json,2025-12-04T14:57:44.429919
004_A_011,004,session_001,alphabet,A,1,dataset/alphabet\A\004_A_011.json,2025-12-04T14:57:46.150207
004_A_012,004,session_001,alphabet,A,1,dataset/alphabet\A\004_A_012.json,2025-12-04T14:57:47.435697
004_A_013,004,session_001,alphabet,A,1,dataset/alphabet\A\004_A_013.json,2025-12-04T14:57:48.510569
004_A_014,004,session_001,alphabet,A,1,dataset/alphabet\A\004_A_014.json,2025-12-04T14:57:49.796258
004_A_015,004,session_001,alphabet,A,1,dataset/alphabet\A\004_A_015.json,2025-12-04T14:57:51.159147
004_B_001,004,session_001,alphabet,B,1,dataset/alphabet\B\004_B_001.json,2025-12-04T14:57:58.663857
004_B_002,004,session_001,alphabet,B,1,dataset/alphabet\B\004_B_002.json,2025-12-04T14:58:01.141801
004_B_003,004,session_001,alphabet,B,1,dataset/alphabet\B\004_B_003.json,2025-12-04T14:58:02.231048
004_B_004,004,session_001,alphabet,B,1,dataset/alphabet\B\004_B_004.json,2025-12-04T14:58:03.185996
004_B_005,004,session_001,alphabet,B,1,dataset/alphabet\B\004_B_005.json,2025-12-04T14:58:04.516974
004_B_006,004,session_001,alphabet,B,1,dataset/alphabet\B\004_B_006.json,2025-12-04T14:58:05.678714
004_B_007,004,session_001,alphabet,B,1,dataset/alphabet\B\004_B_007.json,2025-12-04T14:58:06.888704
004_B_008,004,session_001,alphabet,B,1,dataset/alphabet\B\004_B_008.json,2025-12-04T14:58:08.007885
004_B_009,004,session_001,alphabet,B,1,dataset/alphabet\B\004_B_009.json,2025-12-04T14:58:09.279100
004_B_010,004,session_001,alphabet,B,1,dataset/alphabet\B\004_B_010.json,2025-12-04T14:58:10.359311
004_B_011,004,session_001,alphabet,B,1,dataset/alphabet\B\004_B_011.json,2025-12-04T14:58:11.560149
004_B_012,004,session_001,alphabet,B,1,dataset/alphabet\B\004_B_012.json,2025-12-04T14:58:12.972656
004_B_013,004,session_001,alphabet,B,1,dataset/alphabet\B\004_B_013.json,2025-12-04T14:58:14.102273
004_B_014,004,session_001,alphabet,B,1,dataset/alphabet\B\004_B_014.json,2025-12-04T14:58:15.403045
004_B_015,004,session_001,alphabet,B,1,dataset/alphabet\B\004_B_015.json,2025-12-04T14:58:16.793657
004_C_001,004,session_001,alphabet,C,1,dataset/alphabet\C\004_C_001.json,2025-12-04T14:58:17.996875
004_C_002,004,session_001,alphabet,C,1,dataset/alphabet\C\004_C_002.json,2025-12-04T14:58:24.537529
004_C_003,004,session_001,alphabet,C,1,dataset/alphabet\C\004_C_003.json,2025-12-04T14:58:26.414401
004_C_004,004,session_001,alphabet,C,1,dataset/alphabet\C\004_C_004.json,2025-12-04T14:58:28.391941
004_C_005,004,session_001,alphabet,C,1,dataset/alphabet\C\004_C_005.json,2025-12-04T14:58:29.512269
004_C_006,004,session_001,alphabet,C,1,dataset/alphabet\C\004_C_006.json,2025-12-04T14:58:31.565330
004_C_007,004,session_001,alphabet,C,1,dataset/alphabet\C\004_C_007.json,2025-12-04T14:58:33.139788
004_C_008,004,session_001,alphabet,C,1,dataset/alphabet\C\004_C_008.json,2025-12-04T14:58:34.797421
004_C_009,004,session_001,alphabet,C,1,dataset/alphabet\C\004_C_009.json,2025-12-04T14:58:36.187489
004_C_010,004,session_001,alphabet,C,1,dataset/alphabet\C\004_C_010.json,2025-12-04T14:58:37.672463
004_C_011,004,session_001,alphabet,C,1,dataset/alphabet\C\004_C_011.json,2025-12-04T14:58:39.320864
004_C_012,004,session_001,alphabet,C,1,dataset/alphabet\C\004_C_012.json,2025-12-04T14:58:40.688091
004_C_013,004,session_001,alphabet,C,1,dataset/alphabet\C\004_C_013.json,2025-12-04T14:58:41.936022
004_C_014,004,session_001,alphabet,C,1,dataset/alphabet\C\004_C_014.json,2025-12-04T14:58:43.388076
004_C_015,004,session_001,alphabet,C,1,dataset/alphabet\C\004_C_015.json,2025-12-04T14:58:45.002060
004_D_001,004,session_001,alphabet,D,1,dataset/alphabet\D\004_D_001.json,2025-12-04T14:58:54.798199
004_D_002,004,session_001,alphabet,D,1,dataset/alphabet\D\004_D_002.json,2025-12-04T14:58:55.997988
004_D_003,004,session_001,alphabet,D,1,dataset/alphabet\D\004_D_003.json,2025-12-04T14:58:57.224172
004_D_004,004,session_001,alphabet,D,1,dataset/alphabet\D\004_D_004.json,2025-12-04T14:58:58.448407
004_D_005,004,session_001,alphabet,D,1,dataset/alphabet\D\004_D_005.json,2025-12-04T14:58:59.515323
004_D_006,004,session_001,alphabet,D,1,dataset/alphabet\D\004_D_006.json,2025-12-04T14:59:00.647923
004_D_007,004,session_001,alphabet,D,1,dataset/alphabet\D\004_D_007.json,2025-12-04T14:59:01.681622
004_D_008,004,session_001,alphabet,D,1,dataset/alphabet\D\004_D_008.json,2025-12-04T14:59:02.810722
004_D_009,004,session_001,alphabet,D,1,dataset/alphabet\D\004_D_009.json,2025-12-04T14:59:04.018429
004_D_010,004,session_001,alphabet,D,1,dataset/alphabet\D\004_D_010.json,2025-12-04T14:59:05.109220
004_D_011,004,session_001,alphabet,D,1,dataset/alphabet\D\004_D_011.json,2025-12-04T14:59:06.182108
004_D_012,004,session_001,alphabet,D,1,dataset/alphabet\D\004_D_012.json,2025-12-04T14:59:07.716405
004_D_013,004,session_001,alphabet,D,1,dataset/alphabet\D\004_D_013.json,2025-12-04T14:59:09.506467
004_D_014,004,session_001,alphabet,D,1,dataset/alphabet\D\004_D_014.json,2025-12-04T14:59:10.459086
004_D_015,004,session_001,alphabet,D,1,dataset/alphabet\D\004_D_015.json,2025-12-04T14:59:12.057534
004_E_001,004,session_001,alphabet,E,1,dataset/alphabet\E\004_E_001.json,2025-12-04T14:59:16.559880
004_E_002,004,session_001,alphabet,E,1,dataset/alphabet\E\004_E_002.json,2025-12-04T14:59:17.865649
004_E_003,004,session_001,alphabet,E,1,dataset/alphabet\E\004_E_003.json,2025-12-04T14:59:19.100410
004_E_004,004,session_001,alphabet,E,1,dataset/alphabet\E\004_E_004.json,2025-12-04T14:59:20.109647
004_E_005,004,session_001,alphabet,E,1,dataset/alphabet\E\004_E_005.json,2025-12-04T14:59:21.066116
004_E_006,004,session_001,alphabet,E,1,dataset/alphabet\E\004_E_006.json,2025-12-04T14:59:22.182846
004_E_007,004,session_001,alphabet,E,1,dataset/alphabet\E\004_E_007.json,2025-12-04T14:59:23.265938
004_E_008,004,session_001,alphabet,E,1,dataset/alphabet\E\004_E_008.json,2025-12-04T14:59:24.366259
004_E_009,004,session_001,alphabet,E,1,dataset/alphabet\E\004_E_009.json,2025-12-04T14:59:25.510510
004_E_010,004,session_001,alphabet,E,1,dataset/alphabet\E\004_E_010.json,2025-12-04T14:59:26.552105
004_E_011,004,session_001,alphabet,E,1,dataset/alphabet\E\004_E_011.json,2025-12-04T14:59:27.882941
004_E_012,004,session_001,alphabet,E,1,dataset/alphabet\E\004_E_012.json,2025-12-04T14:59:29.270108
004_E_013,004,session_001,alphabet,E,1,dataset/alphabet\E\004_E_013.json,2025-12-04T14:59:30.487250
004_E_014,004,session_001,alphabet,E,1,dataset/alphabet\E\004_E_014.json,2025-12-04T14:59:31.761511
004_E_015,004,session_001,alphabet,E,1,dataset/alphabet\E\004_E_015.json,2025-12-04T14:59:33.150881
004_F_001,004,session_001,alphabet,F,1,dataset/alphabet\F\004_F_001.json,2025-12-04T15:00:01.573116
004_F_002,004,session_001,alphabet,F,1,dataset/alphabet\F\004_F_002.json,2025-12-04T15:00:02.890559
004_F_003,004,session_001,alphabet,F,1,dataset/alphabet\F\004_F_003.json,2025-12-04T15:00:04.001124
004_F_004,004,session_001,alphabet,F,1,dataset/alphabet\F\004_F_004.json,2025-12-04T15:00:05.303591
004_F_005,004,session_001,alphabet,F,1,dataset/alphabet\F\004_F_005.json,2025-12-04T15:00:06.346005
004_F_006,004,session_001,alphabet,F,1,dataset/alphabet\F\004_F_006.json,2025-12-04T15:00:07.559723
004_F_007,004,session_001,alphabet,F,1,dataset/alphabet\F\004_F_007.json,2025-12-04T15:00:08.904799
004_F_008,004,session_001,alphabet,F,1,dataset/alphabet\F\004_F_008.json,2025-12-04T15:00:09.935332
004_F_009,004,session_001,alphabet,F,1,dataset/alphabet\F\004_F_009.json,2025-12-04T15:00:11.060504
004_F_010,004,session_001,alphabet,F,1,dataset/alphabet\F\004_F_010.json,2025-12-04T15:00:12.277587
004_F_011,004,session_001,alphabet,F,1,dataset/alphabet\F\004_F_011.json,2025-12-04T15:00:13.393301
004_F_012,004,session_001,alphabet,F,1,dataset/alphabet\F\004_F_012.json,2025-12-04T15:00:14.746234
004_F_013,004,session_001,alphabet,F,1,dataset/alphabet\F\004_F_013.json,2025-12-04T15:00:15.989034
004_F_014,004,session_001,alphabet,F,1,dataset/alphabet\F\004_F_014.json,2025-12-04T15:00:17.286045
004_F_015,004,session_001,alphabet,F,1,dataset/alphabet\F\004_F_015.json,2025-12-04T15:00:18.609798
004_G_001,004,session_001,alphabet,G,1,dataset/alphabet\G\004_G_001.json,2025-12-04T15:00:25.843250
004_G_002,004,session_001,alphabet,G,1,dataset/alphabet\G\004_G_002.json,2025-12-04T15:00:27.192481
004_G_003,004,session_001,alphabet,G,1,dataset/alphabet\G\004_G_003.json,2025-12-04T15:00:28.439938
004_G_004,004,session_001,alphabet,G,1,dataset/alphabet\G\004_G_004.json,2025-12-04T15:00:29.754348
004_G_005,004,session_001,alphabet,G,1,dataset/alphabet\G\004_G_005.json,2025-12-04T15:00:30.665022
004_G_006,004,session_001,alphabet,G,1,dataset/alphabet\G\004_G_006.json,2025-12-04T15:00:31.920914
004_G_007,004,session_001,alphabet,G,1,dataset/alphabet\G\004_G_007.json,2025-12-04T15:00:33.483776
004_G_008,004,session_001,alphabet,G,1,dataset/alphabet\G\004_G_008.json,2025-12-04T15:00:34.506146
004_G_009,004,session_001,alphabet,G,1,dataset/alphabet\G\004_G_009.json,2025-12-04T15:00:35.829381
004_G_010,004,session_001,alphabet,G,1,dataset/alphabet\G\004_G_010.json,2025-12-04T15:00:36.887201
004_G_011,004,session_001,alphabet,G,1,dataset/alphabet\G\004_G_011.json,2025-12-04T15:00:38.454189
004_G_012,004,session_001,alphabet,G,1,dataset/alphabet\G\004_G_012.json,2025-12-04T15:00:39.751730
004_G_013,004,session_001,alphabet,G,1,dataset/alphabet\G\004_G_013.json,2025-12-04T15:00:41.788260
004_G_014,004,session_001,alphabet,G,1,dataset/alphabet\G\004_G_014.json,2025-12-04T15:00:43.141918
004_G_015,004,session_001,alphabet,G,1,dataset/alphabet\G\004_G_015.json,2025-12-04T15:00:44.391910
004_H_001,004,session_001,alphabet,H,1,dataset/alphabet\H\004_H_001.json,2025-12-04T15:00:57.438821
004_H_002,004,session_001,alphabet,H,1,dataset/alphabet\H\004_H_002.json,2025-12-04T15:00:58.587909
004_H_003,004,session_001,alphabet,H,1,dataset/alphabet\H\004_H_003.json,2025-12-04T15:00:59.940056
004_H_004,004,session_001,alphabet,H,1,dataset/alphabet\H\004_H_004.json,2025-12-04T15:01:01.160199
004_H_005,004,session_001,alphabet,H,1,dataset/alphabet\H\004_H_005.json,2025-12-04T15:01:02.555912
004_H_006,004,session_001,alphabet,H,1,dataset/alphabet\H\004_H_006.json,2025-12-04T15:01:03.556326
004_H_007,004,session_001,alphabet,H,1,dataset/alphabet\H\004_H_007.json,2025-12-04T15:01:04.738087
004_H_008,004,session_001,alphabet,H,1,dataset/alphabet\H\004_H_008.json,2025-12-04T15:01:05.838876
004_H_009,004,session_001,alphabet,H,1,dataset/alphabet\H\004_H_009.json,2025-12-04T15:01:06.942493
004_H_010,004,session_001,alphabet,H,1,dataset/alphabet\H\004_H_010.json,2025-12-04T15:01:08.029764
004_H_011,004,session_001,alphabet,H,1,dataset/alphabet\H\004_H_011.json,2025-12-04T15:01:09.253727
004_H_012,004,session_001,alphabet,H,1,dataset/alphabet\H\004_H_012.json,2025-12-04T15:01:10.738465
004_H_013,004,session_001,alphabet,H,1,dataset/alphabet\H\004_H_013.json,2025-12-04T15:01:12.312467
004_H_014,004,session_001,alphabet,H,1,dataset/alphabet\H\004_H_014.json,2025-12-04T15:01:13.663685
004_H_015,004,session_001,alphabet,H,1,dataset/alphabet\H\004_H_015.json,2025-12-04T15:01:14.922364
004_I_001,004,session_001,alphabet,I,1,dataset/alphabet\I\004_I_001.json,2025-12-04T15:01:29.479888
004_I_002,004,session_001,alphabet,I,1,dataset/alphabet\I\004_I_002.json,2025-12-04T15:01:30.527500
004_I_003,004,session_001,alphabet,I,1,dataset/alphabet\I\004_I_003.json,2025-12-04T15:01:31.706061
004_I_004,004,session_001,alphabet,I,1,dataset/alphabet\I\004_I_004.json,2025-12-04T15:01:33.075940
004_I_005,004,session_001,alphabet,I,1,dataset/alphabet\I\004_I_005.json,2025-12-04T15:01:34.494699
004_I_006,004,session_001,alphabet,I,1,dataset/alphabet\I\004_I_006.json,2025-12-04T15:01:35.573651
004_I_007,004,session_001,alphabet,I,1,dataset/alphabet\I\004_I_007.json,2025-12-04T15:01:37.374712
004_I_008,004,session_001,alphabet,I,1,dataset/alphabet\I\004_I_008.json,2025-12-04T15:01:39.247969
004_I_009,004,session_001,alphabet,I,1,dataset/alphabet\I\004_I_009.json,2025-12-04T15:01:40.908470
004_I_010,004,session_001,alphabet,I,1,dataset/alphabet\I\004_I_010.json,2025-12-04T15:01:42.520595
004_I_011,004,session_001,alphabet,I,1,dataset/alphabet\I\004_I_011.json,2025-12-04T15:01:43.864333
004_I_012,004,session_001,alphabet,I,1,dataset/alphabet\I\004_I_012.json,2025-12-04T15:01:45.217609
004_I_013,004,session_001,alphabet,I,1,dataset/alphabet\I\004_I_013.json,2025-12-04T15:01:46.823866
004_I_014,004,session_001,alphabet,I,1,dataset/alphabet\I\004_I_014.json,2025-12-04T15:01:48.058540
004_I_015,004,session_001,alphabet,I,1,dataset/alphabet\I\004_I_015.json,2025-12-04T15:01:49.808370
004_J_001,004,session_001,alphabet,J,1,dataset/alphabet\J\004_J_001.json,2025-12-04T15:02:14.796611
004_J_002,004,session_001,alphabet,J,1,dataset/alphabet\J\004_J_002.json,2025-12-04T15:02:16.116491
004_J_003,004,session_001,alphabet,J,1,dataset/alphabet\J\004_J_003.json,2025-12-04T15:02:17.462537
004_J_004,004,session_001,alphabet,J,1,dataset/alphabet\J\004_J_004.json,2025-12-04T15:02:18.585446
004_J_005,004,session_001,alphabet,J,1,dataset/alphabet\J\004_J_005.json,2025-12-04T15:02:19.501489
004_J_006,004,session_001,alphabet,J,1,dataset/alphabet\J\004_J_006.json,2025-12-04T15:02:20.888463
004_J_007,004,session_001,alphabet,J,1,dataset/alphabet\J\004_J_007.json,2025-12-04T15:02:21.951571
004_J_008,004,session_001,alphabet,J,1,dataset/alphabet\J\004_J_008.json,2025-12-04T15:02:23.098196
004_J_009,004,session_001,alphabet,J,1,dataset/alphabet\J\004_J_009.json,2025-12-04T15:02:24.346873
004_J_010,004,session_001,alphabet,J,1,dataset/alphabet\J\004_J_010.json,2025-12-04T15:02:25.719462
004_J_011,004,session_001,alphabet,J,1,dataset/alphabet\J\004_J_011.json,2025-12-04T15:02:26.977929
004_J_012,004,session_001,alphabet,J,1,dataset/alphabet\J\004_J_012.json,2025-12-04T15:02:28.360821
004_J_013,004,session_001,alphabet,J,1,dataset/alphabet\J\004_J_013.json,2025-12-04T15:02:29.430405
004_J_014,004,session_001,alphabet,J,1,dataset/alphabet\J\004_J_014.json,2025-12-04T15:02:30.758162
004_J_015,004,session_001,alphabet,J,1,dataset/alphabet\J\004_J_015.json,2025-12-04T15:02:31.833283
004_K_001,004,session_001,alphabet,K,1,dataset/alphabet\K\004_K_001.json,2025-12-04T15:02:47.702734
004_K_002,004,session_001,alphabet,K,1,dataset/alphabet\K\004_K_002.json,2025-12-04T15:02:49.084539
004_K_003,004,session_001,alphabet,K,1,dataset/alphabet\K\004_K_003.json,2025-12-04T15:02:50.161832
004_K_004,004,session_001,alphabet,K,1,dataset/alphabet\K\004_K_004.json,2025-12-04T15:02:51.413412
004_K_005,004,session_001,alphabet,K,1,dataset/alphabet\K\004_K_005.json,2025-12-04T15:02:52.554993
004_K_006,004,session_001,alphabet,K,1,dataset/alphabet\K\004_K_006.json,2025-12-04T15:02:53.732844
004_K_007,004,session_001,alphabet,K,1,dataset/alphabet\K\004_K_007.json,2025-12-04T15:02:54.898484
004_K_008,004,session_001,alphabet,K,1,dataset/alphabet\K\004_K_008.json,2025-12-04T15:02:55.989227
004_K_009,004,session_001,alphabet,K,1,dataset/alphabet\K\004_K_009.json,2025-12-04T15:02:57.061206
004_K_010,004,session_001,alphabet,K,1,dataset/alphabet\K\004_K_010.json,2025-12-04T15:02:58.336621
004_K_011,004,session_001,alphabet,K,1,dataset/alphabet\K\004_K_011.json,2025-12-04T15:02:59.443474
004_K_012,004,session_001,alphabet,K,1,dataset/alphabet\K\004_K_012.json,2025-12-04T15:03:00.482188
004_K_013,004,session_001,alphabet,K,1,dataset/alphabet\K\004_K_013.json,2025-12-04T15:03:01.608259
004_K_014,004,session_001,alphabet,K,1,dataset/alphabet\K\004_K_014.json,2025-12-04T15:03:02.873509
004_K_015,004,session_001,alphabet,K,1,dataset/alphabet\K\004_K_015.json,2025-12-04T15:03:04.022358
004_L_001,004,session_001,alphabet,L,1,dataset/alphabet\L\004_L_001.json,2025-12-04T15:03:08.554556
004_L_002,004,session_001,alphabet,L,1,dataset/alphabet\L\004_L_002.json,2025-12-04T15:03:09.835818
004_L_003,004,session_001,alphabet,L,1,dataset/alphabet\L\004_L_003.json,2025-12-04T15:03:10.983399
004_L_004,004,session_001,alphabet,L,1,dataset/alphabet\L\004_L_004.json,2025-12-04T15:03:12.007969
004_L_005,004,session_001,alphabet,L,1,dataset/alphabet\L\004_L_005.json,2025-12-04T15:03:13.086863
004_L_006,004,session_001,alphabet,L,1,dataset/alphabet\L\004_L_006.json,2025-12-04T15:03:14.441885
004_L_007,004,session_001,alphabet,L,1,dataset/alphabet\L\004_L_007.json,2025-12-04T15:03:15.463994
004_L_008,004,session_001,alphabet,L,1,dataset/alphabet\L\004_L_008.json,2025-12-04T15:03:16.813466
004_L_009,004,session_001,alphabet,L,1,dataset/alphabet\L\004_L_009.json,2025-12-04T15:03:18.064793
004_L_010,004,session_001,alphabet,L,1,dataset/alphabet\L\004_L_010.json,2025-12-04T15:03:19.303290
004_L_011,004,session_001,alphabet,L,1,dataset/alphabet\L\004_L_011.json,2025-12-04T15:03:20.530168
004_L_012,004,session_001,alphabet,L,1,dataset/alphabet\L\004_L_012.json,2025-12-04T15:03:21.734926
004_L_013,004,session_001,alphabet,L,1,dataset/alphabet\L\004_L_013.json,2025-12-04T15:03:23.094754
004_L_014,004,session_001,alphabet,L,1,dataset/alphabet\L\004_L_014.json,2025-12-04T15:03:24.364431
004_L_015,004,session_001,alphabet,L,1,dataset/alphabet\L\004_L_015.json,2025-12-04T15:03:26.793493
004_M_001,004,session_001,alphabet,M,1,dataset/alphabet\M\004_M_001.json,2025-12-04T15:03:57.099511
004_M_002,004,session_001,alphabet,M,1,dataset/alphabet\M\004_M_002.json,2025-12-04T15:03:58.502203
004_M_003,004,session_001,alphabet,M,1,dataset/alphabet\M\004_M_003.json,2025-12-04T15:03:59.789572
004_M_004,004,session_001,alphabet,M,1,dataset/alphabet\M\004_M_004.json,2025-12-04T15:04:00.988592
004_M_005,004,session_001,alphabet,M,1,dataset/alphabet\M\004_M_005.json,2025-12-04T15:04:02.253249
004_M_006,004,session_001,alphabet,M,1,dataset/alphabet\M\004_M_006.json,2025-12-04T15:04:03.299034
004_M_007,004,session_001,alphabet,M,1,dataset/alphabet\M\004_M_007.json,2025-12-04T15:04:04.921227
004_M_008,004,session_001,alphabet,M,1,dataset/alphabet\M\004_M_008.json,2025-12-04T15:04:06.727827
004_M_009,004,session_001,alphabet,M,1,dataset/alphabet\M\004_M_009.json,2025-12-04T15:04:08.423442
004_M_010,004,session_001,alphabet,M,1,dataset/alphabet\M\004_M_010.json,2025-12-04T15:04:10.032209
004_M_011,004,session_001,alphabet,M,1,dataset/alphabet\M\004_M_011.json,2025-12-04T15:04:11.332926
004_M_012,004,session_001,alphabet,M,1,dataset/alphabet\M\004_M_012.json,2025-12-04T15:04:12.574667
004_M_013,004,session_001,alphabet,M,1,dataset/alphabet\M\004_M_013.json,2025-12-04T15:04:14.060711
004_M_014,004,session_001,alphabet,M,1,dataset/alphabet\M\004_M_014.json,2025-12-04T15:04:15.266342
004_M_015,004,session_001,alphabet,M,1,dataset/alphabet\M\004_M_015.json,2025-12-04T15:04:16.458201
004_N_001,004,session_001,alphabet,N,1,dataset/alphabet\N\004_N_001.json,2025-12-04T15:04:26.934711
004_N_002,004,session_001,alphabet,N,1,dataset/alphabet\N\004_N_002.json,2025-12-04T15:04:28.551078
004_N_003,004,session_001,alphabet,N,1,dataset/alphabet\N\004_N_003.json,2025-12-04T15:04:29.688236
004_N_004,004,session_001,alphabet,N,1,dataset/alphabet\N\004_N_004.json,2025-12-04T15:04:30.714710
004_N_005,004,session_001,alphabet,N,1,dataset/alphabet\N\004_N_005.json,2025-12-04T15:04:31.936605
004_N_006,004,session_001,alphabet,N,1,dataset/alphabet\N\004_N_006.json,2025-12-04T15:04:33.085516
004_N_007,004,session_001,alphabet,N,1,dataset/alphabet\N\004_N_007.json,2025-12-04T15:04:34.394188
004_N_008,004,session_001,alphabet,N,1,dataset/alphabet\N\004_N_008.json,2025-12-04T15:04:35.529157
004_N_009,004,session_001,alphabet,N,1,dataset/alphabet\N\004_N_009.json,2025-12-04T15:04:36.655247
004_N_010,004,session_001,alphabet,N,1,dataset/alphabet\N\004_N_010.json,2025-12-04T15:04:37.918284
004_N_011,004,session_001,alphabet,N,1,dataset/alphabet\N\004_N_011.json,2025-12-04T15:04:39.126042
004_N_012,004,session_001,alphabet,N,1,dataset/alphabet\N\004_N_012.json,2025-12-04T15:04:40.619773
004_N_013,004,session_001,alphabet,N,1,dataset/alphabet\N\004_N_013.json,2025-12-04T15:04:41.710789
004_N_014,004,session_001,alphabet,N,1,dataset/alphabet\N\004_N_014.json,2025-12-04T15:04:42.997463
004_N_015,004,session_001,alphabet,N,1,dataset/alphabet\N\004_N_015.json,2025-12-04T15:04:44.406458
004_O_001,004,session_001,alphabet,O,1,dataset/alphabet\O\004_O_001.json,2025-12-04T15:04:50.127897
004_O_002,004,session_001,alphabet,O,1,dataset/alphabet\O\004_O_002.json,2025-12-04T15:04:51.294754
004_O_003,004,session_001,alphabet,O,1,dataset/alphabet\O\004_O_003.json,2025-12-04T15:04:52.377076
004_O_004,004,session_001,alphabet,O,1,dataset/alphabet\O\004_O_004.json,2025-12-04T15:04:53.652276
004_O_005,004,session_001,alphabet,O,1,dataset/alphabet\O\004_O_005.json,2025-12-04T15:04:54.795578
004_O_006,004,session_001,alphabet,O,1,dataset/alphabet\O\004_O_006.json,2025-12-04T15:04:55.897104
004_O_007,004,session_001,alphabet,O,1,dataset/alphabet\O\004_O_007.json,2025-12-04T15:04:57.178749
004_O_008,004,session_001,alphabet,O,1,dataset/alphabet\O\004_O_008.json,2025-12-04T15:04:58.153254
004_O_009,004,session_001,alphabet,O,1,dataset/alphabet\O\004_O_009.json,2025-12-04T15:04:59.563783
004_O_010,004,session_001,alphabet,O,1,dataset/alphabet\O\004_O_010.json,2025-12-04T15:05:00.653165
004_O_011,004,session_001,alphabet,O,1,dataset/alphabet\O\004_O_011.json,2025-12-04T15:05:01.788612
004_O_012,004,session_001,alphabet,O,1,dataset/alphabet\O\004_O_012.json,2025-12-04T15:05:02.961236
004_O_013,004,session_001,alphabet,O,1,dataset/alphabet\O\004_O_013.json,2025-12-04T15:05:04.389972
004_O_014,004,session_001,alphabet,O,1,dataset/alphabet\O\004_O_014.json,2025-12-04T15:05:05.502188
004_O_015,004,session_001,alphabet,O,1,dataset/alphabet\O\004_O_015.json,2025-12-04T15:05:06.678888
004_P_001,004,session_001,alphabet,P,1,dataset/alphabet\P\004_P_001.json,2025-12-04T15:05:10.920066
004_P_002,004,session_001,alphabet,P,1,dataset/alphabet\P\004_P_002.json,2025-12-04T15:05:12.171690
004_P_003,004,session_001,alphabet,P,1,dataset/alphabet\P\004_P_003.json,2025-12-04T15:05:13.245746
004_P_004,004,session_001,alphabet,P,1,dataset/alphabet\P\004_P_004.json,2025-12-04T15:05:14.295385
004_P_005,004,session_001,alphabet,P,1,dataset/alphabet\P\004_P_005.json,2025-12-04T15:05:15.404114
004_P_006,004,session_001,alphabet,P,1,dataset/alphabet\P\004_P_006.json,2025-12-04T15:05:16.563838
004_P_007,004,session_001,alphabet,P,1,dataset/alphabet\P\004_P_007.json,2025-12-04T15:05:17.711783
004_P_008,004,session_001,alphabet,P,1,dataset/alphabet\P\004_P_008.json,2025-12-04T15:05:18.888313
004_P_009,004,session_001,alphabet,P,1,dataset/alphabet\P\004_P_009.json,2025-12-04T15:05:20.118886
004_P_010,004,session_001,alphabet,P,1,dataset/alphabet\P\004_P_010.json,2025-12-04T15:05:21.375315
004_P_011,004,session_001,alphabet,P,1,dataset/alphabet\P\004_P_011.json,2025-12-04T15:05:22.484935
004_P_012,004,session_001,alphabet,P,1,dataset/alphabet\P\004_P_012.json,2025-12-04T15:05:23.792524
004_P_013,004,session_001,alphabet,P,1,dataset/alphabet\P\004_P_013.json,2025-12-04T15:05:25.049746
004_P_014,004,session_001,alphabet,P,1,dataset/alphabet\P\004_P_014.json,2025-12-04T15:05:26.222052
004_P_015,004,session_001,alphabet,P,1,dataset/alphabet\P\004_P_015.json,2025-12-04T15:05:27.564626
004_Q_001,004,session_001,alphabet,Q,1,dataset/alphabet\Q\004_Q_001.json,2025-12-04T15:05:39.654859
004_Q_002,004,session_001,alphabet,Q,1,dataset/alphabet\Q\004_Q_002.json,2025-12-04T15:05:41.146327
004_Q_003,004,session_001,alphabet,Q,1,dataset/alphabet\Q\004_Q_003.json,2025-12-04T15:05:42.321388
004_Q_004,004,session_001,alphabet,Q,1,dataset/alphabet\Q\004_Q_004.json,2025-12-04T15:05:43.550783
004_Q_005,004,session_001,alphabet,Q,1,dataset/alphabet\Q\004_Q_005.json,2025-12-04T15:05:44.684654
004_Q_006,004,session_001,alphabet,Q,1,dataset/alphabet\Q\004_Q_006.json,2025-12-04T15:05:45.805628
004_Q_007,004,session_001,alphabet,Q,1,dataset/alphabet\Q\004_Q_007.json,2025-12-04T15:05:47.113456
004_Q_008,004,session_001,alphabet,Q,1,dataset/alphabet\Q\004_Q_008.json,2025-12-04T15:05:48.205493
004_Q_009,004,session_001,alphabet,Q,1,dataset/alphabet\Q\004_Q_009.json,2025-12-04T15:05:49.233174
004_Q_010,004,session_001,alphabet,Q,1,dataset/alphabet\Q\004_Q_010.json,2025-12-04T15:05:50.307371
004_Q_011,004,session_001,alphabet,Q,1,dataset/alphabet\Q\004_Q_011.json,2025-12-04T15:05:51.497933
004_Q_012,004,session_001,alphabet,Q,1,dataset/alphabet\Q\004_Q_012.json,2025-12-04T15:05:52.556836
004_Q_013,004,session_001,alphabet,Q,1,dataset/alphabet\Q\004_Q_013.json,2025-12-04T15:05:53.905048
004_Q_014,004,session_001,alphabet,Q,1,dataset/alphabet\Q\004_Q_014.json,2025-12-04T15:05:55.115352
004_Q_015,004,session_001,alphabet,Q,1,dataset/alphabet\Q\004_Q_015.json,2025-12-04T15:05:56.461176
004_R_001,004,session_001,alphabet,R,1,dataset/alphabet\R\004_R_001.json,2025-12-04T15:06:14.527052
004_R_002,004,session_001,alphabet,R,1,dataset/alphabet\R\004_R_002.json,2025-12-04T15:06:20.812839
004_R_003,004,session_001,alphabet,R,1,dataset/alphabet\R\004_R_003.json,2025-12-04T15:06:24.383656
004_R_004,004,session_001,alphabet,R,1,dataset/alphabet\R\004_R_004.json,2025-12-04T15:06:26.174254
004_R_005,004,session_001,alphabet,R,1,dataset/alphabet\R\004_R_005.json,2025-12-04T15:06:27.173952
004_R_006,004,session_001,alphabet,R,1,dataset/alphabet\R\004_R_006.json,2025-12-04T15:06:28.251667
004_R_007,004,session_001,alphabet,R,1,dataset/alphabet\R\004_R_007.json,2025-12-04T15:06:29.308742
004_R_008,004,session_001,alphabet,R,1,dataset/alphabet\R\004_R_008.json,2025-12-04T15:06:30.368443
004_R_009,004,session_001,alphabet,R,1,dataset/alphabet\R\004_R_009.json,2025-12-04T15:06:31.609176
004_R_010,004,session_001,alphabet,R,1,dataset/alphabet\R\004_R_010.json,2025-12-04T15:06:32.700754
004_R_011,004,session_001,alphabet,R,1,dataset/alphabet\R\004_R_011.json,2025-12-04T15:06:33.878881
004_R_012,004,session_001,alphabet,R,1,dataset/alphabet\R\004_R_012.json,2025-12-04T15:06:35.062400
004_R_013,004,session_001,alphabet,R,1,dataset/alphabet\R\004_R_013.json,2025-12-04T15:06:36.377884
004_R_014,004,session_001,alphabet,R,1,dataset/alphabet\R\004_R_014.json,2025-12-04T15:06:37.465951
004_R_015,004,session_001,alphabet,R,1,dataset/alphabet\R\004_R_015.json,2025-12-04T15:06:38.541580
004_S_001,004,session_001,alphabet,S,1,dataset/alphabet\S\004_S_001.json,2025-12-04T15:06:59.725979
004_S_002,004,session_001,alphabet,S,1,dataset/alphabet\S\004_S_002.json,2025-12-04T15:07:01.217889
004_S_003,004,session_001,alphabet,S,1,dataset/alphabet\S\004_S_003.json,2025-12-04T15:07:02.438886
004_S_004,004,session_001,alphabet,S,1,dataset/alphabet\S\004_S_004.json,2025-12-04T15:07:03.547626
004_S_005,004,session_001,alphabet,S,1,dataset/alphabet\S\004_S_005.json,2025-12-04T15:07:04.649683
004_S_006,004,session_001,alphabet,S,1,dataset/alphabet\S\004_S_006.json,2025-12-04T15:07:05.898294
004_S_007,004,session_001,alphabet,S,1,dataset/alphabet\S\004_S_007.json,2025-12-04T15:07:06.815006
004_S_008,004,session_001,alphabet,S,1,dataset/alphabet\S\004_S_008.json,2025-12-04T15:07:07.671089
004_S_009,004,session_001,alphabet,S,1,dataset/alphabet\S\004_S_009.json,2025-12-04T15:07:08.936008
004_S_010,004,session_001,alphabet,S,1,dataset/alphabet\S\004_S_010.json,2025-12-04T15:07:10.276965
004_S_011,004,session_001,alphabet,S,1,dataset/alphabet\S\004_S_011.json,2025-12-04T15:07:11.243374
004_S_012,004,session_001,alphabet,S,1,dataset/alphabet\S\004_S_012.json,2025-12-04T15:07:12.397494
004_S_013,004,session_001,alphabet,S,1,dataset/alphabet\S\004_S_013.json,2025-12-04T15:07:18.437696
004_S_014,004,session_001,alphabet,S,1,dataset/alphabet\S\004_S_014.json,2025-12-04T15:07:20.160054
004_S_015,004,session_001,alphabet,S,1,dataset/alphabet\S\004_S_015.json,2025-12-04T15:07:21.712373
004_T_001,004,session_001,alphabet,T,1,dataset/alphabet\T\004_T_001.json,2025-12-04T15:07:30.663669
004_T_002,004,session_001,alphabet,T,1,dataset/alphabet\T\004_T_002.json,2025-12-04T15:07:32.011311
004_T_003,004,session_001,alphabet,T,1,dataset/alphabet\T\004_T_003.json,2025-12-04T15:07:33.014618
004_T_004,004,session_001,alphabet,T,1,dataset/alphabet\T\004_T_004.json,2025-12-04T15:07:34.534899
004_T_005,004,session_001,alphabet,T,1,dataset/alphabet\T\004_T_005.json,2025-12-04T15:07:35.744877
004_T_006,004,session_001,alphabet,T,1,dataset/alphabet\T\004_T_006.json,2025-12-04T15:07:36.878346
004_T_007,004,session_001,alphabet,T,1,dataset/alphabet\T\004_T_007.json,2025-12-04T15:07:38.366698
004_T_008,004,session_001,alphabet,T,1,dataset/alphabet\T\004_T_008.json,2025-12-04T15:07:39.262274
004_T_009,004,session_001,alphabet,T,1,dataset/alphabet\T\004_T_009.json,2025-12-04T15:07:40.755103
004_T_010,004,session_001,alphabet,T,1,dataset/alphabet\T\004_T_010.json,2025-12-04T15:07:41.918248
004_T_011,004,session_001,alphabet,T,1,dataset/alphabet\T\004_T_011.json,2025-12-04T15:07:43.222329
004_T_012,004,session_001,alphabet,T,1,dataset/alphabet\T\004_T_012.json,2025-12-04T15:07:44.525236
004_T_013,004,session_001,alphabet,T,1,dataset/alphabet\T\004_T_013.json,2025-12-04T15:07:45.805131
004_T_014,004,session_001,alphabet,T,1,dataset/alphabet\T\004_T_014.json,2025-12-04T15:07:46.945523
004_T_015,004,session_001,alphabet,T,1,dataset/alphabet\T\004_T_015.json,2025-12-04T15:07:48.415766
004_U_001,004,session_001,alphabet,U,1,dataset/alphabet\U\004_U_001.json,2025-12-04T15:08:20.185623
004_U_002,004,session_001,alphabet,U,1,dataset/alphabet\U\004_U_002.json,2025-12-04T15:08:21.765122
004_U_003,004,session_001,alphabet,U,1,dataset/alphabet\U\004_U_003.json,2025-12-04T15:08:22.890157
004_U_004,004,session_001,alphabet,U,1,dataset/alphabet\U\004_U_004.json,2025-12-04T15:08:24.222282
004_U_005,004,session_001,alphabet,U,1,dataset/alphabet\U\004_U_005.json,2025-12-04T15:08:25.352805
004_U_006,004,session_001,alphabet,U,1,dataset/alphabet\U\004_U_006.json,2025-12-04T15:08:26.485697
004_U_007,004,session_001,alphabet,U,1,dataset/alphabet\U\004_U_007.json,2025-12-04T15:08:27.587342
004_U_008,004,session_001,alphabet,U,1,dataset/alphabet\U\004_U_008.json,2025-12-04T15:08:28.672650
004_U_009,004,session_001,alphabet,U,1,dataset/alphabet\U\004_U_009.json,2025-12-04T15:08:29.902400
004_U_010,004,session_001,alphabet,U,1,dataset/alphabet\U\004_U_010.json,2025-12-04T15:08:30.814178
004_U_011,004,session_001,alphabet,U,1,dataset/alphabet\U\004_U_011.json,2025-12-04T15:08:31.919594
004_U_012,004,session_001,alphabet,U,1,dataset/alphabet\U\004_U_012.json,2025-12-04T15:08:33.950511
004_U_013,004,session_001,alphabet,U,1,dataset/alphabet\U\004_U_013.json,2025-12-04T15:08:35.268135
004_U_014,004,session_001,alphabet,U,1,dataset/alphabet\U\004_U_014.json,2025-12-04T15:08:36.411202
004_U_015,004,session_001,alphabet,U,1,dataset/alphabet\U\004_U_015.json,2025-12-04T15:08:37.648538
004_V_001,004,session_001,alphabet,V,1,dataset/alphabet\V\004_V_001.json,2025-12-04T15:08:45.052809
004_V_002,004,session_001,alphabet,V,1,dataset/alphabet\V\004_V_002.json,2025-12-04T15:08:46.482390
004_V_003,004,session_001,alphabet,V,1,dataset/alphabet\V\004_V_003.json,2025-12-04T15:08:47.754740
004_V_004,004,session_001,alphabet,V,1,dataset/alphabet\V\004_V_004.json,2025-12-04T15:08:48.910407
004_V_005,004,session_001,alphabet,V,1,dataset/alphabet\V\004_V_005.json,2025-12-04T15:08:50.075787
004_V_006,004,session_001,alphabet,V,1,dataset/alphabet\V\004_V_006.json,2025-12-04T15:08:51.187064
004_V_007,004,session_001,alphabet,V,1,dataset/alphabet\V\004_V_007.json,2025-12-04T15:08:52.395862
004_V_008,004,session_001,alphabet,V,1,dataset/alphabet\V\004_V_008.json,2025-12-04T15:08:53.775579
004_V_009,004,session_001,alphabet,V,1,dataset/alphabet\V\004_V_009.json,2025-12-04T15:08:54.787439
004_V_010,004,session_001,alphabet,V,1,dataset/alphabet\V\004_V_010.json,2025-12-04T15:08:55.930811
004_V_011,004,session_001,alphabet,V,1,dataset/alphabet\V\004_V_011.json,2025-12-04T15:08:56.986788
004_V_012,004,session_001,alphabet,V,1,dataset/alphabet\V\004_V_012.json,2025-12-04T15:08:58.392526
004_V_013,004,session_001,alphabet,V,1,dataset/alphabet\V\004_V_013.json,2025-12-04T15:08:59.514426
004_V_014,004,session_001,alphabet,V,1,dataset/alphabet\V\004_V_014.json,2025-12-04T15:09:01.004972
004_V_015,004,session_001,alphabet,V,1,dataset/alphabet\V\004_V_015.json,2025-12-04T15:09:01.966776
004_W_001,004,session_001,alphabet,W,1,dataset/alphabet\W\004_W_001.json,2025-12-04T15:09:10.456702
004_W_002,004,session_001,alphabet,W,1,dataset/alphabet\W\004_W_002.json,2025-12-04T15:09:11.559419
004_W_003,004,session_001,alphabet,W,1,dataset/alphabet\W\004_W_003.json,2025-12-04T15:09:13.186213
004_W_004,004,session_001,alphabet,W,1,dataset/alphabet\W\004_W_004.json,2025-12-04T15:09:14.600123
004_W_005,004,session_001,alphabet,W,1,dataset/alphabet\W\004_W_005.json,2025-12-04T15:09:15.590111
004_W_006,004,session_001,alphabet,W,1,dataset/alphabet\W\004_W_006.json,2025-12-04T15:09:16.535621
004_W_007,004,session_001,alphabet,W,1,dataset/alphabet\W\004_W_007.json,2025-12-04T15:09:17.725034
004_W_008,004,session_001,alphabet,W,1,dataset/alphabet\W\004_W_008.json,2025-12-04T15:09:18.639024
004_W_009,004,session_001,alphabet,W,1,dataset/alphabet\W\004_W_009.json,2025-12-04T15:09:19.911965
004_W_010,004,session_001,alphabet,W,1,dataset/alphabet\W\004_W_010.json,2025-12-04T15:09:20.975537
004_W_011,004,session_001,alphabet,W,1,dataset/alphabet\W\004_W_011.json,2025-12-04T15:09:22.434094
004_W_012,004,session_001,alphabet,W,1,dataset/alphabet\W\004_W_012.json,2025-12-04T15:09:24.044355
004_W_013,004,session_001,alphabet,W,1,dataset/alphabet\W\004_W_013.json,2025-12-04T15:09:25.135511
004_W_014,004,session_001,alphabet,W,1,dataset/alphabet\W\004_W_014.json,2025-12-04T15:09:27.305950
004_W_015,004,session_001,alphabet,W,1,dataset/alphabet\W\004_W_015.json,2025-12-04T15:09:29.134923
004_X_001,004,session_001,alphabet,X,1,dataset/alphabet\X\004_X_001.json,2025-12-04T15:09:37.210059
004_X_002,004,session_001,alphabet,X,1,dataset/alphabet\X\004_X_002.json,2025-12-04T15:09:42.928421
004_X_003,004,session_001,alphabet,X,1,dataset/alphabet\X\004_X_003.json,2025-12-04T15:09:44.895558
004_X_004,004,session_001,alphabet,X,1,dataset/alphabet\X\004_X_004.json,2025-12-04T15:09:46.258240
004_X_005,004,session_001,alphabet,X,1,dataset/alphabet\X\004_X_005.json,2025-12-04T15:09:47.856709
004_X_006,004,session_001,alphabet,X,1,dataset/alphabet\X\004_X_006.json,2025-12-04T15:09:48.985941
004_X_007,004,session_001,alphabet,X,1,dataset/alphabet\X\004_X_007.json,2025-12-04T15:09:50.146381
004_X_008,004,session_001,alphabet,X,1,dataset/alphabet\X\004_X_008.json,2025-12-04T15:09:51.452833
004_X_009,004,session_001,alphabet,X,1,dataset/alphabet\X\004_X_009.json,2025-12-04T15:09:52.744072
004_X_010,004,session_001,alphabet,X,1,dataset/alphabet\X\004_X_010.json,2025-12-04T15:09:53.853280
004_X_011,004,session_001,alphabet,X,1,dataset/alphabet\X\004_X_011.json,2025-12-04T15:09:55.117515
004_X_012,004,session_001,alphabet,X,1,dataset/alphabet\X\004_X_012.json,2025-12-04T15:09:56.242215
004_X_013,004,session_001,alphabet,X,1,dataset/alphabet\X\004_X_013.json,2025-12-04T15:09:57.760995
004_X_014,004,session_001,alphabet,X,1,dataset/alphabet\X\004_X_014.json,2025-12-04T15:09:59.007610
004_X_015,004,session_001,alphabet,X,1,dataset/alphabet\X\004_X_015.json,2025-12-04T15:10:00.103633
004_Y_001,004,session_001,alphabet,Y,1,dataset/alphabet\Y\004_Y_001.json,2025-12-04T15:10:21.261784
004_Y_002,004,session_001,alphabet,Y,1,dataset/alphabet\Y\004_Y_002.json,2025-12-04T15:10:23.037954
004_Y_003,004,session_001,alphabet,Y,1,dataset/alphabet\Y\004_Y_003.json,2025-12-04T15:10:24.330825
004_Y_004,004,session_001,alphabet,Y,1,dataset/alphabet\Y\004_Y_004.json,2025-12-04T15:10:28.421486
004_Y_005,004,session_001,alphabet,Y,1,dataset/alphabet\Y\004_Y_005.json,2025-12-04T15:10:29.710071
004_Y_006,004,session_001,alphabet,Y,1,dataset/alphabet\Y\004_Y_006.json,2025-12-04T15:10:30.688101
004_Y_007,004,session_001,alphabet,Y,1,dataset/alphabet\Y\004_Y_007.json,2025-12-04T15:10:31.878620
004_Y_008,004,session_001,alphabet,Y,1,dataset/alphabet\Y\004_Y_008.json,2025-12-04T15:10:32.878631
004_Y_009,004,session_001,alphabet,Y,1,dataset/alphabet\Y\004_Y_009.json,2025-12-04T15:10:34.012759
004_Y_010,004,session_001,alphabet,Y,1,dataset/alphabet\Y\004_Y_010.json,2025-12-04T15:10:34.936474
004_Y_011,004,session_001,alphabet,Y,1,dataset/alphabet\Y\004_Y_011.json,2025-12-04T15:10:35.954926
004_Y_012,004,session_001,alphabet,Y,1,dataset/alphabet\Y\004_Y_012.json,2025-12-04T15:10:37.265733
004_Y_013,004,session_001,alphabet,Y,1,dataset/alphabet\Y\004_Y_013.json,2025-12-04T15:10:40.604877
004_Y_014,004,session_001,alphabet,Y,1,dataset/alphabet\Y\004_Y_014.json,2025-12-04T15:10:42.013683
004_Y_015,004,session_001,alphabet,Y,1,dataset/alphabet\Y\004_Y_015.json,2025-12-04T15:10:43.475447
004_Z_001,004,session_001,alphabet,Z,1,dataset/alphabet\Z\004_Z_001.json,2025-12-04T15:11:09.094156
004_Z_002,004,session_001,alphabet,Z,1,dataset/alphabet\Z\004_Z_002.json,2025-12-04T15:11:10.549157
004_Z_003,004,session_001,alphabet,Z,1,dataset/alphabet\Z\004_Z_003.json,2025-12-04T15:11:11.553131
004_Z_004,004,session_001,alphabet,Z,1,dataset/alphabet\Z\004_Z_004.json,2025-12-04T15:11:12.524750
004_Z_005,004,session_001,alphabet,Z,1,dataset/alphabet\Z\004_Z_005.json,2025-12-04T15:11:13.492936
004_Z_006,004,session_001,alphabet,Z,1,dataset/alphabet\Z\004_Z_006.json,2025-12-04T15:11:14.635806
004_Z_007,004,session_001,alphabet,Z,1,dataset/alphabet\Z\004_Z_007.json,2025-12-04T15:11:15.574850
004_Z_008,004,session_001,alphabet,Z,1,dataset/alphabet\Z\004_Z_008.json,2025-12-04T15:11:16.527731
004_Z_009,004,session_001,alphabet,Z,1,dataset/alphabet\Z\004_Z_009.json,2025-12-04T15:11:17.616129
004_Z_010,004,session_001,alphabet,Z,1,dataset/alphabet\Z\004_Z_010.json,2025-12-04T15:11:18.783907
004_Z_011,004,session_001,alphabet,Z,1,dataset/alphabet\Z\004_Z_011.json,2025-12-04T15:11:19.881837
004_Z_012,004,session_001,alphabet,Z,1,dataset/alphabet\Z\004_Z_012.json,2025-12-04T15:11:20.874771
004_Z_013,004,session_001,alphabet,Z,1,dataset/alphabet\Z\004_Z_013.json,2025-12-04T15:11:22.222087
004_Z_014,004,session_001,alphabet,Z,1,dataset/alphabet\Z\004_Z_014.json,2025-12-04T15:11:23.011914
004_Z_015,004,session_001,alphabet,Z,1,dataset/alphabet\Z\004_Z_015.json,2025-12-04T15:11:24.288362
005_A_001,005,session_001,alphabet,A,1,dataset/alphabet\A\005_A_001.json,2025-12-05T13:09:40.236922
005_A_002,005,session_001,alphabet,A,1,dataset/alphabet\A\005_A_002.json,2025-12-05T13:09:41.696973
005_A_003,005,session_001,alphabet,A,1,dataset/alphabet\A\005_A_003.json,2025-12-05T13:09:42.856759
005_A_004,005,session_001,alphabet,A,1,dataset/alphabet\A\005_A_004.json,2025-12-05T13:09:44.538637
005_A_005,005,session_001,alphabet,A,1,dataset/alphabet\A\005_A_005.json,2025-12-05T13:09:45.676691
005_A_006,005,session_001,alphabet,A,1,dataset/alphabet\A\005_A_006.json,2025-12-05T13:09:47.066736
005_A_007,005,session_001,alphabet,A,1,dataset/alphabet\A\005_A_007.json,2025-12-05T13:09:48.285033
005_A_008,005,session_001,alphabet,A,1,dataset/alphabet\A\005_A_008.json,2025-12-05T13:09:49.811248
005_A_009,005,session_001,alphabet,A,1,dataset/alphabet\A\005_A_009.json,2025-12-05T13:09:51.168215
005_A_010,005,session_001,alphabet,A,1,dataset/alphabet\A\005_A_010.json,2025-12-05T13:09:52.205029
005_A_011,005,session_001,alphabet,A,1,dataset/alphabet\A\005_A_011.json,2025-12-05T13:09:53.507742
005_A_012,005,session_001,alphabet,A,1,dataset/alphabet\A\005_A_012.json,2025-12-05T13:09:54.755274
005_A_013,005,session_001,alphabet,A,1,dataset/alphabet\A\005_A_013.json,2025-12-05T13:10:00.003032
005_A_014,005,session_001,alphabet,A,1,dataset/alphabet\A\005_A_014.json,2025-12-05T13:10:01.417607
005_A_015,005,session_001,alphabet,A,1,dataset/alphabet\A\005_A_015.json,2025-12-05T13:10:03.577987
005_B_001,005,session_001,alphabet,B,1,dataset/alphabet\B\005_B_001.json,2025-12-05T13:10:20.957894
005_B_002,005,session_001,alphabet,B,1,dataset/alphabet\B\005_B_002.json,2025-12-05T13:10:25.718591
005_B_003,005,session_001,alphabet,B,1,dataset/alphabet\B\005_B_003.json,2025-12-05T13:10:28.687123
005_B_004,005,session_001,alphabet,B,1,dataset/alphabet\B\005_B_004.json,2025-12-05T13:10:33.325240
005_B_005,005,session_001,alphabet,B,1,dataset/alphabet\B\005_B_005.json,2025-12-05T13:10:34.937098
005_B_006,005,session_001,alphabet,B,1,dataset/alphabet\B\005_B_006.json,2025-12-05T13:10:57.467859
005_B_007,005,session_001,alphabet,B,1,dataset/alphabet\B\005_B_007.json,2025-12-05T13:10:59.223186
005_B_008,005,session_001,alphabet,B,1,dataset/alphabet\B\005_B_008.json,2025-12-05T13:11:00.281333
005_B_009,005,session_001,alphabet,B,1,dataset/alphabet\B\005_B_009.json,2025-12-05T13:11:01.493656
005_B_010,005,session_001,alphabet,B,1,dataset/alphabet\B\005_B_010.json,2025-12-05T13:11:02.634611
005_B_011,005,session_001,alphabet,B,1,dataset/alphabet\B\005_B_011.json,2025-12-05T13:11:03.867764
005_B_012,005,session_001,alphabet,B,1,dataset/alphabet\B\005_B_012.json,2025-12-05T13:11:05.240183
005_B_013,005,session_001,alphabet,B,1,dataset/alphabet\B\005_B_013.json,2025-12-05T13:11:06.520203
005_B_014,005,session_001,alphabet,B,1,dataset/alphabet\B\005_B_014.json,2025-12-05T13:11:07.837746
005_B_015,005,session_001,alphabet,B,1,dataset/alphabet\B\005_B_015.json,2025-12-05T13:11:09.054037
005_C_001,005,session_001,alphabet,C,1,dataset/alphabet\C\005_C_001.json,2025-12-05T13:11:48.081073
005_C_002,005,session_001,alphabet,C,1,dataset/alphabet\C\005_C_002.json,2025-12-05T13:11:49.420797
005_C_003,005,session_001,alphabet,C,1,dataset/alphabet\C\005_C_003.json,2025-12-05T13:11:50.600707
005_C_004,005,session_001,alphabet,C,1,dataset/alphabet\C\005_C_004.json,2025-12-05T13:11:51.921667
005_C_005,005,session_001,alphabet,C,1,dataset/alphabet\C\005_C_005.json,2025-12-05T13:11:54.965437
005_C_006,005,session_001,alphabet,C,1,dataset/alphabet\C\005_C_006.json,2025-12-05T13:12:06.229652
005_C_007,005,session_001,alphabet,C,1,dataset/alphabet\C\005_C_007.json,2025-12-05T13:12:09.115558
005_C_008,005,session_001,alphabet,C,1,dataset/alphabet\C\005_C_008.json,2025-12-05T13:12:12.567817
005_C_009,005,session_001,alphabet,C,1,dataset/alphabet\C\005_C_009.json,2025-12-05T13:12:14.039439
005_C_010,005,session_001,alphabet,C,1,dataset/alphabet\C\005_C_010.json,2025-12-05T13:12:15.543718
005_C_011,005,session_001,alphabet,C,1,dataset/alphabet\C\005_C_011.json,2025-12-05T13:12:20.038348
005_C_012,005,session_001,alphabet,C,1,dataset/alphabet\C\005_C_012.json,2025-12-05T13:12:21.475788
005_C_013,005,session_001,alphabet,C,1,dataset/alphabet\C\005_C_013.json,2025-12-05T13:12:22.685632
005_C_014,005,session_001,alphabet,C,1,dataset/alphabet\C\005_C_014.json,2025-12-05T13:12:23.949173
005_C_015,005,session_001,alphabet,C,1,dataset/alphabet\C\005_C_015.json,2025-12-05T13:12:27.813109
005_D_001,005,session_001,alphabet,D,1,dataset/alphabet\D\005_D_001.json,2025-12-05T13:12:40.075674
005_D_002,005,session_001,alphabet,D,1,dataset/alphabet\D\005_D_002.json,2025-12-05T13:12:41.939812
005_D_003,005,session_001,alphabet,D,1,dataset/alphabet\D\005_D_003.json,2025-12-05T13:12:44.314630
005_D_004,005,session_001,alphabet,D,1,dataset/alphabet\D\005_D_004.json,2025-12-05T13:12:46.188031
005_D_005,005,session_001,alphabet,D,1,dataset/alphabet\D\005_D_005.json,2025-12-05T13:12:47.318187
005_D_006,005,session_001,alphabet,D,1,dataset/alphabet\D\005_D_006.json,2025-12-05T13:12:48.547034
005_D_007,005,session_001,alphabet,D,1,dataset/alphabet\D\005_D_007.json,2025-12-05T13:12:49.956894
005_D_008,005,session_001,alphabet,D,1,dataset/alphabet\D\005_D_008.json,2025-12-05T13:12:51.095910
005_D_009,005,session_001,alphabet,D,1,dataset/alphabet\D\005_D_009.json,2025-12-05T13:12:52.580593
005_D_010,005,session_001,alphabet,D,1,dataset/alphabet\D\005_D_010.json,2025-12-05T13:12:53.648375
005_D_011,005,session_001,alphabet,D,1,dataset/alphabet\D\005_D_011.json,2025-12-05T13:12:54.967822
005_D_012,005,session_001,alphabet,D,1,dataset/alphabet\D\005_D_012.json,2025-12-05T13:12:55.979924
005_D_013,005,session_001,alphabet,D,1,dataset/alphabet\D\005_D_013.json,2025-12-05T13:12:57.184198
005_D_014,005,session_001,alphabet,D,1,dataset/alphabet\D\005_D_014.json,2025-12-05T13:12:58.542683
005_D_015,005,session_001,alphabet,D,1,dataset/alphabet\D\005_D_015.json,2025-12-05T13:12:59.778755
005_E_001,005,session_001,alphabet,E,1,dataset/alphabet\E\005_E_001.json,2025-12-05T13:13:07.177593
005_E_002,005,session_001,alphabet,E,1,dataset/alphabet\E\005_E_002.json,2025-12-05T13:13:08.434895
005_E_003,005,session_001,alphabet,E,1,dataset/alphabet\E\005_E_003.json,2025-12-05T13:13:09.500467
005_E_004,005,session_001,alphabet,E,1,dataset/alphabet\E\005_E_004.json,2025-12-05T13:13:10.750420
005_E_005,005,session_001,alphabet,E,1,dataset/alphabet\E\005_E_005.json,2025-12-05T13:13:15.561713
005_E_006,005,session_001,alphabet,E,1,dataset/alphabet\E\005_E_006.json,2025-12-05T13:13:17.027945
005_E_007,005,session_001,alphabet,E,1,dataset/alphabet\E\005_E_007.json,2025-12-05T13:13:18.362624
005_E_008,005,session_001,alphabet,E,1,dataset/alphabet\E\005_E_008.json,2025-12-05T13:13:22.301144
005_E_009,005,session_001,alphabet,E,1,dataset/alphabet\E\005_E_009.json,2025-12-05T13:13:23.920037
005_E_010,005,session_001,alphabet,E,1,dataset/alphabet\E\005_E_010.json,2025-12-05T13:13:25.399510
005_E_011,005,session_001,alphabet,E,1,dataset/alphabet\E\005_E_011.json,2025-12-05T13:13:28.457711
005_E_012,005,session_001,alphabet,E,1,dataset/alphabet\E\005_E_012.json,2025-12-05T13:13:30.696998
005_E_013,005,session_001,alphabet,E,1,dataset/alphabet\E\005_E_013.json,2025-12-05T13:13:32.458746
005_E_014,005,session_001,alphabet,E,1,dataset/alphabet\E\005_E_014.json,2025-12-05T13:13:34.026983
005_E_015,005,session_001,alphabet,E,1,dataset/alphabet\E\005_E_015.json,2025-12-05T13:13:35.333414
005_F_001,005,session_001,alphabet,F,1,dataset/alphabet\F\005_F_001.json,2025-12-05T13:13:44.177992
005_F_002,005,session_001,alphabet,F,1,dataset/alphabet\F\005_F_002.json,2025-12-05T13:13:45.523371
005_F_003,005,session_001,alphabet,F,1,dataset/alphabet\F\005_F_003.json,2025-12-05T13:13:46.820347
005_F_004,005,session_001,alphabet,F,1,dataset/alphabet\F\005_F_004.json,2025-12-05T13:13:47.992568
005_F_005,005,session_001,alphabet,F,1,dataset/alphabet\F\005_F_005.json,2025-12-05T13:13:49.603061
005_F_006,005,session_001,alphabet,F,1,dataset/alphabet\F\005_F_006.json,2025-12-05T13:13:51.044915
005_F_007,005,session_001,alphabet,F,1,dataset/alphabet\F\005_F_007.json,2025-12-05T13:13:53.229894
005_F_008,005,session_001,alphabet,F,1,dataset/alphabet\F\005_F_008.json,2025-12-05T13:14:16.965533
005_F_009,005,session_001,alphabet,F,1,dataset/alphabet\F\005_F_009.json,2025-12-05T13:14:18.639799
005_F_010,005,session_001,alphabet,F,1,dataset/alphabet\F\005_F_010.json,2025-12-05T13:14:19.958767
005_F_011,005,session_001,alphabet,F,1,dataset/alphabet\F\005_F_011.json,2025-12-05T13:14:21.258542
005_F_012,005,session_001,alphabet,F,1,dataset/alphabet\F\005_F_012.json,2025-12-05T13:14:22.505367
005_F_013,005,session_001,alphabet,F,1,dataset/alphabet\F\005_F_013.json,2025-12-05T13:14:24.236102
005_F_014,005,session_001,alphabet,F,1,dataset/alphabet\F\005_F_014.json,2025-12-05T13:14:27.632777
005_F_015,005,session_001,alphabet,F,1,dataset/alphabet\F\005_F_015.json,2025-12-05T13:14:28.879547
005_G_001,005,session_001,alphabet,G,1,dataset/alphabet\G\005_G_001.json,2025-12-05T13:14:56.229933
005_G_002,005,session_001,alphabet,G,1,dataset/alphabet\G\005_G_002.json,2025-12-05T13:14:57.436332
005_G_003,005,session_001,alphabet,G,1,dataset/alphabet\G\005_G_003.json,2025-12-05T13:14:58.682362
005_G_004,005,session_001,alphabet,G,1,dataset/alphabet\G\005_G_004.json,2025-12-05T13:14:59.952471
005_G_005,005,session_001,alphabet,G,1,dataset/alphabet\G\005_G_005.json,2025-12-05T13:15:00.989401
005_G_006,005,session_001,alphabet,G,1,dataset/alphabet\G\005_G_006.json,2025-12-05T13:15:02.443072
005_G_007,005,session_001,alphabet,G,1,dataset/alphabet\G\005_G_007.json,2025-12-05T13:15:03.806717
005_G_008,005,session_001,alphabet,G,1,dataset/alphabet\G\005_G_008.json,2025-12-05T13:15:05.140844
005_G_009,005,session_001,alphabet,G,1,dataset/alphabet\G\005_G_009.json,2025-12-05T13:15:06.465260
005_G_010,005,session_001,alphabet,G,1,dataset/alphabet\G\005_G_010.json,2025-12-05T13:15:07.717992
005_G_011,005,session_001,alphabet,G,1,dataset/alphabet\G\005_G_011.json,2025-12-05T13:15:08.902537
005_G_012,005,session_001,alphabet,G,1,dataset/alphabet\G\005_G_012.json,2025-12-05T13:15:09.913912
005_G_013,005,session_001,alphabet,G,1,dataset/alphabet\G\005_G_013.json,2025-12-05T13:15:11.153748
005_G_014,005,session_001,alphabet,G,1,dataset/alphabet\G\005_G_014.json,2025-12-05T13:15:12.253582
005_G_015,005,session_001,alphabet,G,1,dataset/alphabet\G\005_G_015.json,2025-12-05T13:15:13.588336
005_H_001,005,session_001,alphabet,H,1,dataset/alphabet\H\005_H_001.json,2025-12-05T13:15:21.162475
005_H_002,005,session_001,alphabet,H,1,dataset/alphabet\H\005_H_002.json,2025-12-05T13:15:22.791362
005_H_003,005,session_001,alphabet,H,1,dataset/alphabet\H\005_H_003.json,2025-12-05T13:15:24.100435
005_H_004,005,session_001,alphabet,H,1,dataset/alphabet\H\005_H_004.json,2025-12-05T13:15:25.295438
005_H_005,005,session_001,alphabet,H,1,dataset/alphabet\H\005_H_005.json,2025-12-05T13:15:26.254116
005_H_006,005,session_001,alphabet,H,1,dataset/alphabet\H\005_H_006.json,2025-12-05T13:15:27.552547
005_H_007,005,session_001,alphabet,H,1,dataset/alphabet\H\005_H_007.json,2025-12-05T13:15:28.695798
005_H_008,005,session_001,alphabet,H,1,dataset/alphabet\H\005_H_008.json,2025-12-05T13:15:29.885590
005_H_009,005,session_001,alphabet,H,1,dataset/alphabet\H\005_H_009.json,2025-12-05T13:15:31.242889
005_H_010,005,session_001,alphabet,H,1,dataset/alphabet\H\005_H_010.json,2025-12-05T13:15:32.235682
005_H_011,005,session_001,alphabet,H,1,dataset/alphabet\H\005_H_011.json,2025-12-05T13:15:33.665471
005_H_012,005,session_001,alphabet,H,1,dataset/alphabet\H\005_H_012.json,2025-12-05T13:15:35.075453
005_H_013,005,session_001,alphabet,H,1,dataset/alphabet\H\005_H_013.json,2025-12-05T13:15:36.554483
005_H_014,005,session_001,alphabet,H,1,dataset/alphabet\H\005_H_014.json,2025-12-05T13:15:37.566290
005_H_015,005,session_001,alphabet,H,1,dataset/alphabet\H\005_H_015.json,2025-12-05T13:15:38.964554
005_I_001,005,session_001,alphabet,I,1,dataset/alphabet\I\005_I_001.json,2025-12-05T13:15:43.020097
005_I_002,005,session_001,alphabet,I,1,dataset/alphabet\I\005_I_002.json,2025-12-05T13:15:44.468954
005_I_003,005,session_001,alphabet,I,1,dataset/alphabet\I\005_I_003.json,2025-12-05T13:15:45.397783
005_I_004,005,session_001,alphabet,I,1,dataset/alphabet\I\005_I_004.json,2025-12-05T13:15:46.610325
005_I_005,005,session_001,alphabet,I,1,dataset/alphabet\I\005_I_005.json,2025-12-05T13:15:47.596359
005_I_006,005,session_001,alphabet,I,1,dataset/alphabet\I\005_I_006.json,2025-12-05T13:15:48.615476
005_I_007,005,session_001,alphabet,I,1,dataset/alphabet\I\005_I_007.json,2025-12-05T13:15:49.792338
005_I_008,005,session_001,alphabet,I,1,dataset/alphabet\I\005_I_008.json,2025-12-05T13:15:51.061661
005_I_009,005,session_001,alphabet,I,1,dataset/alphabet\I\005_I_009.json,2025-12-05T13:15:52.202236
005_I_010,005,session_001,alphabet,I,1,dataset/alphabet\I\005_I_010.json,2025-12-05T13:15:53.483271
005_I_011,005,session_001,alphabet,I,1,dataset/alphabet\I\005_I_011.json,2025-12-05T13:15:54.618155
005_I_012,005,session_001,alphabet,I,1,dataset/alphabet\I\005_I_012.json,2025-12-05T13:15:55.805631
005_I_013,005,session_001,alphabet,I,1,dataset/alphabet\I\005_I_013.json,2025-12-05T13:15:56.957577
005_I_014,005,session_001,alphabet,I,1,dataset/alphabet\I\005_I_014.json,2025-12-05T13:15:58.090373
005_I_015,005,session_001,alphabet,I,1,dataset/alphabet\I\005_I_015.json,2025-12-05T13:15:59.306660
005_J_001,005,session_001,alphabet,J,1,dataset/alphabet\J\005_J_001.json,2025-12-05T13:16:30.937814
005_J_002,005,session_001,alphabet,J,1,dataset/alphabet\J\005_J_002.json,2025-12-05T13:16:33.729500
005_J_003,005,session_001,alphabet,J,1,dataset/alphabet\J\005_J_003.json,2025-12-05T13:16:34.971198
005_J_004,005,session_001,alphabet,J,1,dataset/alphabet\J\005_J_004.json,2025-12-05T13:16:36.131541
005_J_005,005,session_001,alphabet,J,1,dataset/alphabet\J\005_J_005.json,2025-12-05T13:16:36.985629
005_J_006,005,session_001,alphabet,J,1,dataset/alphabet\J\005_J_006.json,2025-12-05T13:16:38.644934
005_J_007,005,session_001,alphabet,J,1,dataset/alphabet\J\005_J_007.json,2025-12-05T13:16:40.154134
005_J_008,005,session_001,alphabet,J,1,dataset/alphabet\J\005_J_008.json,2025-12-05T13:16:41.251396
005_J_009,005,session_001,alphabet,J,1,dataset/alphabet\J\005_J_009.json,2025-12-05T13:16:42.651156
005_J_010,005,session_001,alphabet,J,1,dataset/alphabet\J\005_J_010.json,2025-12-05T13:16:43.721553
005_J_011,005,session_001,alphabet,J,1,dataset/alphabet\J\005_J_011.json,2025-12-05T13:16:44.899784
005_J_012,005,session_001,alphabet,J,1,dataset/alphabet\J\005_J_012.json,2025-12-05T13:16:46.289046
005_J_013,005,session_001,alphabet,J,1,dataset/alphabet\J\005_J_013.json,2025-12-05T13:16:47.216552
005_J_014,005,session_001,alphabet,J,1,dataset/alphabet\J\005_J_014.json,2025-12-05T13:16:48.701320
005_J_015,005,session_001,alphabet,J,1,dataset/alphabet\J\005_J_015.json,2025-12-05T13:16:50.240285
005_K_001,005,session_001,alphabet,K,1,dataset/alphabet\K\005_K_001.json,2025-12-05T13:17:15.289777
005_K_002,005,session_001,alphabet,K,1,dataset/alphabet\K\005_K_002.json,2025-12-05T13:17:16.881496
005_K_003,005,session_001,alphabet,K,1,dataset/alphabet\K\005_K_003.json,2025-12-05T13:17:17.871376
005_K_004,005,session_001,alphabet,K,1,dataset/alphabet\K\005_K_004.json,2025-12-05T13:17:19.004692
005_K_005,005,session_001,alphabet,K,1,dataset/alphabet\K\005_K_005.json,2025-12-05T13:17:20.089908
005_K_006,005,session_001,alphabet,K,1,dataset/alphabet\K\005_K_006.json,2025-12-05T13:17:21.179548
005_K_007,005,session_001,alphabet,K,1,dataset/alphabet\K\005_K_007.json,2025-12-05T13:17:22.374599
005_K_008,005,session_001,alphabet,K,1,dataset/alphabet\K\005_K_008.json,2025-12-05T13:17:23.648025
005_K_009,005,session_001,alphabet,K,1,dataset/alphabet\K\005_K_009.json,2025-12-05T13:17:24.738969
005_K_010,005,session_001,alphabet,K,1,dataset/alphabet\K\005_K_010.json,2025-12-05T13:17:25.804658
005_K_011,005,session_001,alphabet,K,1,dataset/alphabet\K\005_K_011.json,2025-12-05T13:17:27.079393
005_K_012,005,session_001,alphabet,K,1,dataset/alphabet\K\005_K_012.json,2025-12-05T13:17:28.308547
005_K_013,005,session_001,alphabet,K,1,dataset/alphabet\K\005_K_013.json,2025-12-05T13:17:29.544704
005_K_014,005,session_001,alphabet,K,1,dataset/alphabet\K\005_K_014.json,2025-12-05T13:17:30.978850
005_K_015,005,session_001,alphabet,K,1,dataset/alphabet\K\005_K_015.json,2025-12-05T13:17:32.465135
005_L_001,005,session_001,alphabet,L,1,dataset/alphabet\L\005_L_001.json,2025-12-05T13:17:38.632609
005_L_002,005,session_001,alphabet,L,1,dataset/alphabet\L\005_L_002.json,2025-12-05T13:17:39.853866
005_L_003,005,session_001,alphabet,L,1,dataset/alphabet\L\005_L_003.json,2025-12-05T13:17:43.472936
005_L_004,005,session_001,alphabet,L,1,dataset/alphabet\L\005_L_004.json,2025-12-05T13:17:46.125990
005_L_005,005,session_001,alphabet,L,1,dataset/alphabet\L\005_L_005.json,2025-12-05T13:17:47.551403
005_L_006,005,session_001,alphabet,L,1,dataset/alphabet\L\005_L_006.json,2025-12-05T13:17:48.897434
005_L_007,005,session_001,alphabet,L,1,dataset/alphabet\L\005_L_007.json,2025-12-05T13:17:50.007336
005_L_008,005,session_001,alphabet,L,1,dataset/alphabet\L\005_L_008.json,2025-12-05T13:17:51.318907
005_L_009,005,session_001,alphabet,L,1,dataset/alphabet\L\005_L_009.json,2025-12-05T13:17:52.545724
005_L_010,005,session_001,alphabet,L,1,dataset/alphabet\L\005_L_010.json,2025-12-05T13:17:53.798288
005_L_011,005,session_001,alphabet,L,1,dataset/alphabet\L\005_L_011.json,2025-12-05T13:17:55.068357
005_L_012,005,session_001,alphabet,L,1,dataset/alphabet\L\005_L_012.json,2025-12-05T13:17:56.263563
005_L_013,005,session_001,alphabet,L,1,dataset/alphabet\L\005_L_013.json,2025-12-05T13:17:57.572323
005_L_014,005,session_001,alphabet,L,1,dataset/alphabet\L\005_L_014.json,2025-12-05T13:17:58.781431
005_L_015,005,session_001,alphabet,L,1,dataset/alphabet\L\005_L_015.json,2025-12-05T13:18:00.024331
005_M_001,005,session_001,alphabet,M,1,dataset/alphabet\M\005_M_001.json,2025-12-05T13:18:10.878286
005_M_002,005,session_001,alphabet,M,1,dataset/alphabet\M\005_M_002.json,2025-12-05T13:18:12.138225
005_M_003,005,session_001,alphabet,M,1,dataset/alphabet\M\005_M_003.json,2025-12-05T13:18:13.346570
005_M_004,005,session_001,alphabet,M,1,dataset/alphabet\M\005_M_004.json,2025-12-05T13:18:14.494504
005_M_005,005,session_001,alphabet,M,1,dataset/alphabet\M\005_M_005.json,2025-12-05T13:18:15.776021
005_M_006,005,session_001,alphabet,M,1,dataset/alphabet\M\005_M_006.json,2025-12-05T13:18:16.899113
005_M_007,005,session_001,alphabet,M,1,dataset/alphabet\M\005_M_007.json,2025-12-05T13:18:17.864258
005_M_008,005,session_001,alphabet,M,1,dataset/alphabet\M\005_M_008.json,2025-12-05T13:18:19.073278
005_M_009,005,session_001,alphabet,M,1,dataset/alphabet\M\005_M_009.json,2025-12-05T13:18:20.205534
005_M_010,005,session_001,alphabet,M,1,dataset/alphabet\M\005_M_010.json,2025-12-05T13:18:21.152175
005_M_011,005,session_001,alphabet,M,1,dataset/alphabet\M\005_M_011.json,2025-12-05T13:18:22.534544
005_M_012,005,session_001,alphabet,M,1,dataset/alphabet\M\005_M_012.json,2025-12-05T13:18:23.638541
005_M_013,005,session_001,alphabet,M,1,dataset/alphabet\M\005_M_013.json,2025-12-05T13:18:24.602925
005_M_014,005,session_001,alphabet,M,1,dataset/alphabet\M\005_M_014.json,2025-12-05T13:18:26.220102
005_M_015,005,session_001,alphabet,M,1,dataset/alphabet\M\005_M_015.json,2025-12-05T13:18:27.789100
005_N_001,005,session_001,alphabet,N,1,dataset/alphabet\N\005_N_001.json,2025-12-05T13:18:52.740412
005_N_002,005,session_001,alphabet,N,1,dataset/alphabet\N\005_N_002.json,2025-12-05T13:18:54.309930
005_N_003,005,session_001,alphabet,N,1,dataset/alphabet\N\005_N_003.json,2025-12-05T13:18:55.466499
005_N_004,005,session_001,alphabet,N,1,dataset/alphabet\N\005_N_004.json,2025-12-05T13:18:56.660023
005_N_005,005,session_001,alphabet,N,1,dataset/alphabet\N\005_N_005.json,2025-12-05T13:18:57.572112
005_N_006,005,session_001,alphabet,N,1,dataset/alphabet\N\005_N_006.json,2025-12-05T13:18:58.455420
005_N_007,005,session_001,alphabet,N,1,dataset/alphabet\N\005_N_007.json,2025-12-05T13:18:59.789009
005_N_008,005,session_001,alphabet,N,1,dataset/alphabet\N\005_N_008.json,2025-12-05T13:19:01.077470
005_N_009,005,session_001,alphabet,N,1,dataset/alphabet\N\005_N_009.json,2025-12-05T13:19:02.344123
005_N_010,005,session_001,alphabet,N,1,dataset/alphabet\N\005_N_010.json,2025-12-05T13:19:03.508307
005_N_011,005,session_001,alphabet,N,1,dataset/alphabet\N\005_N_011.json,2025-12-05T13:19:04.663010
005_N_012,005,session_001,alphabet,N,1,dataset/alphabet\N\005_N_012.json,2025-12-05T13:19:06.024997
005_N_013,005,session_001,alphabet,N,1,dataset/alphabet\N\005_N_013.json,2025-12-05T13:19:07.070905
005_N_014,005,session_001,alphabet,N,1,dataset/alphabet\N\005_N_014.json,2025-12-05T13:19:08.584272
005_N_015,005,session_001,alphabet,N,1,dataset/alphabet\N\005_N_015.json,2025-12-05T13:19:09.636684
005_O_001,005,session_001,alphabet,O,1,dataset/alphabet\O\005_O_001.json,2025-12-05T13:19:17.019301
005_O_002,005,session_001,alphabet,O,1,dataset/alphabet\O\005_O_002.json,2025-12-05T13:19:18.377863
005_O_003,005,session_001,alphabet,O,1,dataset/alphabet\O\005_O_003.json,2025-12-05T13:19:19.374157
005_O_004,005,session_001,alphabet,O,1,dataset/alphabet\O\005_O_004.json,2025-12-05T13:19:37.499328
005_O_005,005,session_001,alphabet,O,1,dataset/alphabet\O\005_O_005.json,2025-12-05T13:19:39.069486
005_O_006,005,session_001,alphabet,O,1,dataset/alphabet\O\005_O_006.json,2025-12-05T13:19:40.355791
005_O_007,005,session_001,alphabet,O,1,dataset/alphabet\O\005_O_007.json,2025-12-05T13:19:41.481597
005_O_008,005,session_001,alphabet,O,1,dataset/alphabet\O\005_O_008.json,2025-12-05T13:19:43.890984
005_O_009,005,session_001,alphabet,O,1,dataset/alphabet\O\005_O_009.json,2025-12-05T13:19:45.209971
005_O_010,005,session_001,alphabet,O,1,dataset/alphabet\O\005_O_010.json,2025-12-05T13:19:46.252766
005_O_011,005,session_001,alphabet,O,1,dataset/alphabet\O\005_O_011.json,2025-12-05T13:19:47.445041
005_O_012,005,session_001,alphabet,O,1,dataset/alphabet\O\005_O_012.json,2025-12-05T13:19:48.802462
005_O_013,005,session_001,alphabet,O,1,dataset/alphabet\O\005_O_013.json,2025-12-05T13:19:49.989816
005_O_014,005,session_001,alphabet,O,1,dataset/alphabet\O\005_O_014.json,2025-12-05T13:19:51.163827
005_O_015,005,session_001,alphabet,O,1,dataset/alphabet\O\005_O_015.json,2025-12-05T13:19:52.469713
005_P_001,005,session_001,alphabet,P,1,dataset/alphabet\P\005_P_001.json,2025-12-05T13:20:05.374790
005_P_002,005,session_001,alphabet,P,1,dataset/alphabet\P\005_P_002.json,2025-12-05T13:20:08.630737
005_P_003,005,session_001,alphabet,P,1,dataset/alphabet\P\005_P_003.json,2025-12-05T13:20:09.719300
005_P_004,005,session_001,alphabet,P,1,dataset/alphabet\P\005_P_004.json,2025-12-05T13:20:10.942316
005_P_005,005,session_001,alphabet,P,1,dataset/alphabet\P\005_P_005.json,2025-12-05T13:20:12.176420
005_P_006,005,session_001,alphabet,P,1,dataset/alphabet\P\005_P_006.json,2025-12-05T13:20:13.568190
005_P_007,005,session_001,alphabet,P,1,dataset/alphabet\P\005_P_007.json,2025-12-05T13:20:14.754229
005_P_008,005,session_001,alphabet,P,1,dataset/alphabet\P\005_P_008.json,2025-12-05T13:20:15.896888
005_P_009,005,session_001,alphabet,P,1,dataset/alphabet\P\005_P_009.json,2025-12-05T13:20:17.441803
005_P_010,005,session_001,alphabet,P,1,dataset/alphabet\P\005_P_010.json,2025-12-05T13:20:18.554461
005_P_011,005,session_001,alphabet,P,1,dataset/alphabet\P\005_P_011.json,2025-12-05T13:20:19.653992
005_P_012,005,session_001,alphabet,P,1,dataset/alphabet\P\005_P_012.json,2025-12-05T13:20:29.899970
005_P_013,005,session_001,alphabet,P,1,dataset/alphabet\P\005_P_013.json,2025-12-05T13:20:31.160812
005_P_014,005,session_001,alphabet,P,1,dataset/alphabet\P\005_P_014.json,2025-12-05T13:20:32.424010
005_P_015,005,session_001,alphabet,P,1,dataset/alphabet\P\005_P_015.json,2025-12-05T13:20:33.670565
005_Q_001,005,session_001,alphabet,Q,1,dataset/alphabet\Q\005_Q_001.json,2025-12-05T13:20:42.991481
005_Q_002,005,session_001,alphabet,Q,1,dataset/alphabet\Q\005_Q_002.json,2025-12-05T13:20:45.339839
005_Q_003,005,session_001,alphabet,Q,1,dataset/alphabet\Q\005_Q_003.json,2025-12-05T13:20:46.355828
005_Q_004,005,session_001,alphabet,Q,1,dataset/alphabet\Q\005_Q_004.json,2025-12-05T13:20:47.399459
005_Q_005,005,session_001,alphabet,Q,1,dataset/alphabet\Q\005_Q_005.json,2025-12-05T13:20:48.336483
005_Q_006,005,session_001,alphabet,Q,1,dataset/alphabet\Q\005_Q_006.json,2025-12-05T13:20:49.455103
005_Q_007,005,session_001,alphabet,Q,1,dataset/alphabet\Q\005_Q_007.json,2025-12-05T13:20:50.978188
005_Q_008,005,session_001,alphabet,Q,1,dataset/alphabet\Q\005_Q_008.json,2025-12-05T13:20:52.476707
005_Q_009,005,session_001,alphabet,Q,1,dataset/alphabet\Q\005_Q_009.json,2025-12-05T13:20:54.045755
005_Q_010,005,session_001,alphabet,Q,1,dataset/alphabet\Q\005_Q_010.json,2025-12-05T13:20:55.129737
005_Q_011,005,session_001,alphabet,Q,1,dataset/alphabet\Q\005_Q_011.json,2025-12-05T13:20:56.382939
005_Q_012,005,session_001,alphabet,Q,1,dataset/alphabet\Q\005_Q_012.json,2025-12-05T13:20:57.766531
005_Q_013,005,session_001,alphabet,Q,1,dataset/alphabet\Q\005_Q_013.json,2025-12-05T13:20:59.322782
005_Q_014,005,session_001,alphabet,Q,1,dataset/alphabet\Q\005_Q_014.json,2025-12-05T13:21:00.672515
005_Q_015,005,session_001,alphabet,Q,1,dataset/alphabet\Q\005_Q_015.json,2025-12-05T13:21:02.113960
005_R_001,005,session_001,alphabet,R,1,dataset/alphabet\R\005_R_001.json,2025-12-05T13:21:21.990348
005_R_002,005,session_001,alphabet,R,1,dataset/alphabet\R\005_R_002.json,2025-12-05T13:21:23.148783
005_R_003,005,session_001,alphabet,R,1,dataset/alphabet\R\005_R_003.json,2025-12-05T13:21:28.781906
005_R_004,005,session_001,alphabet,R,1,dataset/alphabet\R\005_R_004.json,2025-12-05T13:21:30.009909
005_R_005,005,session_001,alphabet,R,1,dataset/alphabet\R\005_R_005.json,2025-12-05T13:21:31.200267
005_R_006,005,session_001,alphabet,R,1,dataset/alphabet\R\005_R_006.json,2025-12-05T13:21:32.125396
005_R_007,005,session_001,alphabet,R,1,dataset/alphabet\R\005_R_007.json,2025-12-05T13:21:33.441014
005_R_008,005,session_001,alphabet,R,1,dataset/alphabet\R\005_R_008.json,2025-12-05T13:21:34.460251
005_R_009,005,session_001,alphabet,R,1,dataset/alphabet\R\005_R_009.json,2025-12-05T13:21:35.640065
005_R_010,005,session_001,alphabet,R,1,dataset/alphabet\R\005_R_010.json,2025-12-05T13:21:36.918499
005_R_011,005,session_001,alphabet,R,1,dataset/alphabet\R\005_R_011.json,2025-12-05T13:21:38.290843
005_R_012,005,session_001,alphabet,R,1,dataset/alphabet\R\005_R_012.json,2025-12-05T13:21:39.831239
005_R_013,005,session_001,alphabet,R,1,dataset/alphabet\R\005_R_013.json,2025-12-05T13:21:41.100801
005_R_014,005,session_001,alphabet,R,1,dataset/alphabet\R\005_R_014.json,2025-12-05T13:21:44.011982
005_R_015,005,session_001,alphabet,R,1,dataset/alphabet\R\005_R_015.json,2025-12-05T13:21:56.398580
005_S_001,005,session_001,alphabet,S,1,dataset/alphabet\S\005_S_001.json,2025-12-05T13:22:40.987563
005_S_002,005,session_001,alphabet,S,1,dataset/alphabet\S\005_S_002.json,2025-12-05T13:22:42.745721
005_S_003,005,session_001,alphabet,S,1,dataset/alphabet\S\005_S_003.json,2025-12-05T13:22:44.213225
005_S_004,005,session_001,alphabet,S,1,dataset/alphabet\S\005_S_004.json,2025-12-05T13:22:47.238234
005_S_005,005,session_001,alphabet,S,1,dataset/alphabet\S\005_S_005.json,2025-12-05T13:22:49.129169
005_S_006,005,session_001,alphabet,S,1,dataset/alphabet\S\005_S_006.json,2025-12-05T13:22:50.483943
005_S_007,005,session_001,alphabet,S,1,dataset/alphabet\S\005_S_007.json,2025-12-05T13:22:51.458011
005_S_008,005,session_001,alphabet,S,1,dataset/alphabet\S\005_S_008.json,2025-12-05T13:22:52.700955
005_S_009,005,session_001,alphabet,S,1,dataset/alphabet\S\005_S_009.json,2025-12-05T13:22:54.097846
005_S_010,005,session_001,alphabet,S,1,dataset/alphabet\S\005_S_010.json,2025-12-05T13:22:55.461167
005_S_011,005,session_001,alphabet,S,1,dataset/alphabet\S\005_S_011.json,2025-12-05T13:22:56.851413
005_S_012,005,session_001,alphabet,S,1,dataset/alphabet\S\005_S_012.json,2025-12-05T13:22:58.274310
005_S_013,005,session_001,alphabet,S,1,dataset/alphabet\S\005_S_013.json,2025-12-05T13:22:59.673679
005_S_014,005,session_001,alphabet,S,1,dataset/alphabet\S\005_S_014.json,2025-12-05T13:23:00.860886
005_S_015,005,session_001,alphabet,S,1,dataset/alphabet\S\005_S_015.json,2025-12-05T13:23:02.181084
005_T_001,005,session_001,alphabet,T,1,dataset/alphabet\T\005_T_001.json,2025-12-05T13:23:09.351272
005_T_002,005,session_001,alphabet,T,1,dataset/alphabet\T\005_T_002.json,2025-12-05T13:23:10.715983
005_T_003,005,session_001,alphabet,T,1,dataset/alphabet\T\005_T_003.json,2025-12-05T13:23:12.975292
005_T_004,005,session_001,alphabet,T,1,dataset/alphabet\T\005_T_004.json,2025-12-05T13:23:14.101303
005_T_005,005,session_001,alphabet,T,1,dataset/alphabet\T\005_T_005.json,2025-12-05T13:23:20.697908
005_T_006,005,session_001,alphabet,T,1,dataset/alphabet\T\005_T_006.json,2025-12-05T13:23:22.542033
005_T_007,005,session_001,alphabet,T,1,dataset/alphabet\T\005_T_007.json,2025-12-05T13:23:24.174190
005_T_008,005,session_001,alphabet,T,1,dataset/alphabet\T\005_T_008.json,2025-12-05T13:23:25.787935
005_T_009,005,session_001,alphabet,T,1,dataset/alphabet\T\005_T_009.json,2025-12-05T13:23:27.438297
005_T_010,005,session_001,alphabet,T,1,dataset/alphabet\T\005_T_010.json,2025-12-05T13:23:28.767550
005_T_011,005,session_001,alphabet,T,1,dataset/alphabet\T\005_T_011.json,2025-12-05T13:23:29.999179
005_T_012,005,session_001,alphabet,T,1,dataset/alphabet\T\005_T_012.json,2025-12-05T13:23:31.394373
005_T_013,005,session_001,alphabet,T,1,dataset/alphabet\T\005_T_013.json,2025-12-05T13:23:32.576012
005_T_014,005,session_001,alphabet,T,1,dataset/alphabet\T\005_T_014.json,2025-12-05T13:23:33.708413
005_T_015,005,session_001,alphabet,T,1,dataset/alphabet\T\005_T_015.json,2025-12-05T13:23:35.346988
005_U_001,005,session_001,alphabet,U,1,dataset/alphabet\U\005_U_001.json,2025-12-05T13:23:41.779282
005_U_002,005,session_001,alphabet,U,1,dataset/alphabet\U\005_U_002.json,2025-12-05T13:23:43.292903
005_U_003,005,session_001,alphabet,U,1,dataset/alphabet\U\005_U_003.json,2025-12-05T13:23:44.317390
005_U_004,005,session_001,alphabet,U,1,dataset/alphabet\U\005_U_004.json,2025-12-05T13:23:45.242951
005_U_005,005,session_001,alphabet,U,1,dataset/alphabet\U\005_U_005.json,2025-12-05T13:23:47.220746
005_U_006,005,session_001,alphabet,U,1,dataset/alphabet\U\005_U_006.json,2025-12-05T13:23:52.320459
005_U_007,005,session_001,alphabet,U,1,dataset/alphabet\U\005_U_007.json,2025-12-05T13:23:54.869930
005_U_008,005,session_001,alphabet,U,1,dataset/alphabet\U\005_U_008.json,2025-12-05T13:23:56.063096
005_U_009,005,session_001,alphabet,U,1,dataset/alphabet\U\005_U_009.json,2025-12-05T13:23:57.336793
005_U_010,005,session_001,alphabet,U,1,dataset/alphabet\U\005_U_010.json,2025-12-05T13:24:01.159425
005_U_011,005,session_001,alphabet,U,1,dataset/alphabet\U\005_U_011.json,2025-12-05T13:24:02.558480
005_U_012,005,session_001,alphabet,U,1,dataset/alphabet\U\005_U_012.json,2025-12-05T13:24:05.433277
005_U_013,005,session_001,alphabet,U,1,dataset/alphabet\U\005_U_013.json,2025-12-05T13:24:06.412877
005_U_014,005,session_001,alphabet,U,1,dataset/alphabet\U\005_U_014.json,2025-12-05T13:24:07.603694
005_U_015,005,session_001,alphabet,U,1,dataset/alphabet\U\005_U_015.json,2025-12-05T13:24:09.115361
005_V_001,005,session_001,alphabet,V,1,dataset/alphabet\V\005_V_001.json,2025-12-05T13:24:12.660487
005_V_002,005,session_001,alphabet,V,1,dataset/alphabet\V\005_V_002.json,2025-12-05T13:24:13.918345
005_V_003,005,session_001,alphabet,V,1,dataset/alphabet\V\005_V_003.json,2025-12-05T13:24:15.083089
005_V_004,005,session_001,alphabet,V,1,dataset/alphabet\V\005_V_004.json,2025-12-05T13:24:16.408953
005_V_005,005,session_001,alphabet,V,1,dataset/alphabet\V\005_V_005.json,2025-12-05T13:24:17.638517
005_V_006,005,session_001,alphabet,V,1,dataset/alphabet\V\005_V_006.json,2025-12-05T13:24:18.682931
005_V_007,005,session_001,alphabet,V,1,dataset/alphabet\V\005_V_007.json,2025-12-05T13:24:19.973207
005_V_008,005,session_001,alphabet,V,1,dataset/alphabet\V\005_V_008.json,2025-12-05T13:24:21.017465
005_V_009,005,session_001,alphabet,V,1,dataset/alphabet\V\005_V_009.json,2025-12-05T13:24:22.433626
005_V_010,005,session_001,alphabet,V,1,dataset/alphabet\V\005_V_010.json,2025-12-05T13:24:24.546661
005_V_011,005,session_001,alphabet,V,1,dataset/alphabet\V\005_V_011.json,2025-12-05T13:24:25.763718
005_V_012,005,session_001,alphabet,V,1,dataset/alphabet\V\005_V_012.json,2025-12-05T13:24:27.735524
005_V_013,005,session_001,alphabet,V,1,dataset/alphabet\V\005_V_013.json,2025-12-05T13:24:29.122009
005_V_014,005,session_001,alphabet,V,1,dataset/alphabet\V\005_V_014.json,2025-12-05T13:24:30.554543
005_V_015,005,session_001,alphabet,V,1,dataset/alphabet\V\005_V_015.json,2025-12-05T13:24:31.867823
005_W_001,005,session_001,alphabet,W,1,dataset/alphabet\W\005_W_001.json,2025-12-05T13:24:37.800280
005_W_002,005,session_001,alphabet,W,1,dataset/alphabet\W\005_W_002.json,2025-12-05T13:24:39.244301
005_W_003,005,session_001,alphabet,W,1,dataset/alphabet\W\005_W_003.json,2025-12-05T13:24:42.850364
005_W_004,005,session_001,alphabet,W,1,dataset/alphabet\W\005_W_004.json,2025-12-05T13:24:43.695742
005_W_005,005,session_001,alphabet,W,1,dataset/alphabet\W\005_W_005.json,2025-12-05T13:24:44.642170
005_W_006,005,session_001,alphabet,W,1,dataset/alphabet\W\005_W_006.json,2025-12-05T13:24:45.753975
005_W_007,005,session_001,alphabet,W,1,dataset/alphabet\W\005_W_007.json,2025-12-05T13:24:46.742867
005_W_008,005,session_001,alphabet,W,1,dataset/alphabet\W\005_W_008.json,2025-12-05T13:24:47.943220
005_W_009,005,session_001,alphabet,W,1,dataset/alphabet\W\005_W_009.json,2025-12-05T13:24:48.975168
005_W_010,005,session_001,alphabet,W,1,dataset/alphabet\W\005_W_010.json,2025-12-05T13:24:50.021738
005_W_011,005,session_001,alphabet,W,1,dataset/alphabet\W\005_W_011.json,2025-12-05T13:24:51.202856
005_W_012,005,session_001,alphabet,W,1,dataset/alphabet\W\005_W_012.json,2025-12-05T13:24:52.456783
005_W_013,005,session_001,alphabet,W,1,dataset/alphabet\W\005_W_013.json,2025-12-05T13:24:53.493001
005_W_014,005,session_001,alphabet,W,1,dataset/alphabet\W\005_W_014.json,2025-12-05T13:24:54.885604
005_W_015,005,session_001,alphabet,W,1,dataset/alphabet\W\005_W_015.json,2025-12-05T13:24:56.208095
005_X_001,005,session_001,alphabet,X,1,dataset/alphabet\X\005_X_001.json,2025-12-05T13:25:05.712731
005_X_002,005,session_001,alphabet,X,1,dataset/alphabet\X\005_X_002.json,2025-12-05T13:25:07.285646
005_X_003,005,session_001,alphabet,X,1,dataset/alphabet\X\005_X_003.json,2025-12-05T13:25:08.306220
005_X_004,005,session_001,alphabet,X,1,dataset/alphabet\X\005_X_004.json,2025-12-05T13:25:09.341367
005_X_005,005,session_001,alphabet,X,1,dataset/alphabet\X\005_X_005.json,2025-12-05T13:25:10.166764
005_X_006,005,session_001,alphabet,X,1,dataset/alphabet\X\005_X_006.json,2025-12-05T13:25:11.073960
005_X_007,005,session_001,alphabet,X,1,dataset/alphabet\X\005_X_007.json,2025-12-05T13:25:12.089251
005_X_008,005,session_001,alphabet,X,1,dataset/alphabet\X\005_X_008.json,2025-12-05T13:25:13.354912
005_X_009,005,session_001,alphabet,X,1,dataset/alphabet\X\005_X_009.json,2025-12-05T13:25:14.371991
005_X_010,005,session_001,alphabet,X,1,dataset/alphabet\X\005_X_010.json,2025-12-05T13:25:15.674461
005_X_011,005,session_001,alphabet,X,1,dataset/alphabet\X\005_X_011.json,2025-12-05T13:25:16.753532
005_X_012,005,session_001,alphabet,X,1,dataset/alphabet\X\005_X_012.json,2025-12-05T13:25:19.203789
005_X_013,005,session_001,alphabet,X,1,dataset/alphabet\X\005_X_013.json,2025-12-05T13:25:20.397248
005_X_014,005,session_001,alphabet,X,1,dataset/alphabet\X\005_X_014.json,2025-12-05T13:25:22.792973
005_X_015,005,session_001,alphabet,X,1,dataset/alphabet\X\005_X_015.json,2025-12-05T13:25:23.915294
005_Y_001,005,session_001,alphabet,Y,1,dataset/alphabet\Y\005_Y_001.json,2025-12-05T13:25:56.227877
005_Y_002,005,session_001,alphabet,Y,1,dataset/alphabet\Y\005_Y_002.json,2025-12-05T13:26:02.196606
005_Y_003,005,session_001,alphabet,Y,1,dataset/alphabet\Y\005_Y_003.json,2025-12-05T13:26:03.611714
005_Y_004,005,session_001,alphabet,Y,1,dataset/alphabet\Y\005_Y_004.json,2025-12-05T13:26:04.745062
005_Y_005,005,session_001,alphabet,Y,1,dataset/alphabet\Y\005_Y_005.json,2025-12-05T13:26:05.938181
005_Y_006,005,session_001,alphabet,Y,1,dataset/alphabet\Y\005_Y_006.json,2025-12-05T13:26:08.468631
005_Y_007,005,session_001,alphabet,Y,1,dataset/alphabet\Y\005_Y_007.json,2025-12-05T13:26:09.714726
005_Y_008,005,session_001,alphabet,Y,1,dataset/alphabet\Y\005_Y_008.json,2025-12-05T13:26:10.423008
005_Y_009,005,session_001,alphabet,Y,1,dataset/alphabet\Y\005_Y_009.json,2025-12-05T13:26:11.485512
005_Y_010,005,session_001,alphabet,Y,1,dataset/alphabet\Y\005_Y_010.json,2025-12-05T13:26:12.621800
005_Y_011,005,session_001,alphabet,Y,1,dataset/alphabet\Y\005_Y_011.json,2025-12-05T13:26:13.647517
005_Y_012,005,session_001,alphabet,Y,1,dataset/alphabet\Y\005_Y_012.json,2025-12-05T13:26:14.753198
005_Y_013,005,session_001,alphabet,Y,1,dataset/alphabet\Y\005_Y_013.json,2025-12-05T13:26:15.845892
005_Y_014,005,session_001,alphabet,Y,1,dataset/alphabet\Y\005_Y_014.json,2025-12-05T13:26:16.852961
005_Y_015,005,session_001,alphabet,Y,1,dataset/alphabet\Y\005_Y_015.json,2025-12-05T13:26:18.318655
005_Z_001,005,session_001,alphabet,Z,1,dataset/alphabet\Z\005_Z_001.json,2025-12-05T13:26:34.014937
005_Z_002,005,session_001,alphabet,Z,1,dataset/alphabet\Z\005_Z_002.json,2025-12-05T13:26:46.843390
005_Z_003,005,session_001,alphabet,Z,1,dataset/alphabet\Z\005_Z_003.json,2025-12-05T13:26:47.903053
005_Z_004,005,session_001,alphabet,Z,1,dataset/alphabet\Z\005_Z_004.json,2025-12-05T13:26:49.294690
005_Z_005,005,session_001,alphabet,Z,1,dataset/alphabet\Z\005_Z_005.json,2025-12-05T13:26:50.867140
005_Z_006,005,session_001,alphabet,Z,1,dataset/alphabet\Z\005_Z_006.json,2025-12-05T13:26:52.074408
005_Z_007,005,session_001,alphabet,Z,1,dataset/alphabet\Z\005_Z_007.json,2025-12-05T13:26:53.249570
005_Z_008,005,session_001,alphabet,Z,1,dataset/alphabet\Z\005_Z_008.json,2025-12-05T13:26:54.156743
005_Z_009,005,session_001,alphabet,Z,1,dataset/alphabet\Z\005_Z_009.json,2025-12-05T13:26:55.477765
005_Z_010,005,session_001,alphabet,Z,1,dataset/alphabet\Z\005_Z_010.json,2025-12-05T13:26:56.596136
005_Z_011,005,session_001,alphabet,Z,1,dataset/alphabet\Z\005_Z_011.json,2025-12-05T13:26:57.604461
005_Z_012,005,session_001,alphabet,Z,1,dataset/alphabet\Z\005_Z_012.json,2025-12-05T13:26:58.542931
005_Z_013,005,session_001,alphabet,Z,1,dataset/alphabet\Z\005_Z_013.json,2025-12-05T13:26:59.647071
005_Z_014,005,session_001,alphabet,Z,1,dataset/alphabet\Z\005_Z_014.json,2025-12-05T13:27:00.822998
005_Z_015,005,session_001,alphabet,Z,1,dataset/alphabet\Z\005_Z_015.json,2025-12-05T13:27:02.024125
002_A_001,002,session_002,alphabet,A,1,dataset/alphabet\A\002_A_001.json,2025-12-08T14:36:13.205510
002_A_002,002,session_002,alphabet,A,1,dataset/alphabet\A\002_A_002.json,2025-12-08T14:36:23.505346
002_A_003,002,session_002,alphabet,A,1,dataset/alphabet\A\002_A_003.json,2025-12-08T14:36:25.468575
002_A_004,002,session_002,alphabet,A,1,dataset/alphabet\A\002_A_004.json,2025-12-08T14:36:27.215257
002_A_005,002,session_002,alphabet,A,1,dataset/alphabet\A\002_A_005.json,2025-12-08T14:36:28.941014
002_A_006,002,session_002,alphabet,A,1,dataset/alphabet\A\002_A_006.json,2025-12-08T14:36:30.505290
002_A_007,002,session_002,alphabet,A,1,dataset/alphabet\A\002_A_007.json,2025-12-08T14:36:32.176408
002_A_008,002,session_002,alphabet,A,1,dataset/alphabet\A\002_A_008.json,2025-12-08T14:36:39.112347
002_A_009,002,session_002,alphabet,A,1,dataset/alphabet\A\002_A_009.json,2025-12-08T14:36:40.535976
002_A_010,002,session_002,alphabet,A,1,dataset/alphabet\A\002_A_010.json,2025-12-08T14:36:41.897321
002_A_011,002,session_002,alphabet,A,1,dataset/alphabet\A\002_A_011.json,2025-12-08T14:36:49.236478
002_A_012,002,session_002,alphabet,A,1,dataset/alphabet\A\002_A_012.json,2025-12-08T14:36:50.946607
002_A_013,002,session_002,alphabet,A,1,dataset/alphabet\A\002_A_013.json,2025-12-08T14:36:52.647109
002_A_014,002,session_002,alphabet,A,1,dataset/alphabet\A\002_A_014.json,2025-12-08T14:36:53.880001
002_A_015,002,session_002,alphabet,A,1,dataset/alphabet\A\002_A_015.json,2025-12-08T14:36:55.365136
002_B_001,002,session_002,alphabet,B,1,dataset/alphabet\B\002_B_001.json,2025-12-08T14:37:14.931724
002_B_002,002,session_002,alphabet,B,1,dataset/alphabet\B\002_B_002.json,2025-12-08T14:37:16.241619
002_B_003,002,session_002,alphabet,B,1,dataset/alphabet\B\002_B_003.json,2025-12-08T14:37:17.780224
002_B_004,002,session_002,alphabet,B,1,dataset/alphabet\B\002_B_004.json,2025-12-08T14:37:19.138184
002_B_005,002,session_002,alphabet,B,1,dataset/alphabet\B\002_B_005.json,2025-12-08T14:37:20.817839
002_B_006,002,session_002,alphabet,B,1,dataset/alphabet\B\002_B_006.json,2025-12-08T14:37:22.565400
002_B_007,002,session_002,alphabet,B,1,dataset/alphabet\B\002_B_007.json,2025-12-08T14:37:24.038916
002_B_008,002,session_002,alphabet,B,1,dataset/alphabet\B\002_B_008.json,2025-12-08T14:37:25.633599
002_B_009,002,session_002,alphabet,B,1,dataset/alphabet\B\002_B_009.json,2025-12-08T14:37:27.050535
002_B_010,002,session_002,alphabet,B,1,dataset/alphabet\B\002_B_010.json,2025-12-08T14:37:28.645483
002_B_011,002,session_002,alphabet,B,1,dataset/alphabet\B\002_B_011.json,2025-12-08T14:37:30.013369
002_B_012,002,session_002,alphabet,B,1,dataset/alphabet\B\002_B_012.json,2025-12-08T14:37:31.878904
002_B_013,002,session_002,alphabet,B,1,dataset/alphabet\B\002_B_013.json,2025-12-08T14:37:33.792815
002_B_014,002,session_002,alphabet,B,1,dataset/alphabet\B\002_B_014.json,2025-12-08T14:37:35.381306
002_B_015,002,session_002,alphabet,B,1,dataset/alphabet\B\002_B_015.json,2025-12-08T14:37:37.047833
002_C_001,002,session_002,alphabet,C,1,dataset/alphabet\C\002_C_001.json,2025-12-08T14:38:10.566755
002_C_002,002,session_002,alphabet,C,1,dataset/alphabet\C\002_C_002.json,2025-12-08T14:38:12.032051
002_C_003,002,session_002,alphabet,C,1,dataset/alphabet\C\002_C_003.json,2025-12-08T14:38:13.640697
002_C_004,002,session_002,alphabet,C,1,dataset/alphabet\C\002_C_004.json,2025-12-08T14:38:15.877553
002_C_005,002,session_002,alphabet,C,1,dataset/alphabet\C\002_C_005.json,2025-12-08T14:38:17.224930
002_C_006,002,session_002,alphabet,C,1,dataset/alphabet\C\002_C_006.json,2025-12-08T14:38:18.520829
002_C_007,002,session_002,alphabet,C,1,dataset/alphabet\C\002_C_007.json,2025-12-08T14:38:19.913200
002_C_008,002,session_002,alphabet,C,1,dataset/alphabet\C\002_C_008.json,2025-12-08T14:38:21.222144
002_C_009,002,session_002,alphabet,C,1,dataset/alphabet\C\002_C_009.json,2025-12-08T14:38:22.615226
002_C_010,002,session_002,alphabet,C,1,dataset/alphabet\C\002_C_010.json,2025-12-08T14:38:23.999651
002_C_011,002,session_002,alphabet,C,1,dataset/alphabet\C\002_C_011.json,2025-12-08T14:38:25.244963
002_C_012,002,session_002,alphabet,C,1,dataset/alphabet\C\002_C_012.json,2025-12-08T14:38:26.610330
002_C_013,002,session_002,alphabet,C,1,dataset/alphabet\C\002_C_013.json,2025-12-08T14:38:27.998116
002_C_014,002,session_002,alphabet,C,1,dataset/alphabet\C\002_C_014.json,2025-12-08T14:38:29.191653
002_C_015,002,session_002,alphabet,C,1,dataset/alphabet\C\002_C_015.json,2025-12-08T14:38:30.637124
002_D_001,002,session_002,alphabet,D,1,dataset/alphabet\D\002_D_001.json,2025-12-08T14:38:59.774362
002_D_002,002,session_002,alphabet,D,1,dataset/alphabet\D\002_D_002.json,2025-12-08T14:39:01.402756
002_D_003,002,session_002,alphabet,D,1,dataset/alphabet\D\002_D_003.json,2025-12-08T14:39:03.080553
002_D_004,002,session_002,alphabet,D,1,dataset/alphabet\D\002_D_004.json,2025-12-08T14:39:04.453067
002_D_005,002,session_002,alphabet,D,1,dataset/alphabet\D\002_D_005.json,2025-12-08T14:39:05.765404
002_D_006,002,session_002,alphabet,D,1,dataset/alphabet\D\002_D_006.json,2025-12-08T14:39:07.211678
002_D_007,002,session_002,alphabet,D,1,dataset/alphabet\D\002_D_007.json,2025-12-08T14:39:08.479106
002_D_008,002,session_002,alphabet,D,1,dataset/alphabet\D\002_D_008.json,2025-12-08T14:39:09.969355
002_D_009,002,session_002,alphabet,D,1,dataset/alphabet\D\002_D_009.json,2025-12-08T14:39:21.524320
002_D_010,002,session_002,alphabet,D,1,dataset/alphabet\D\002_D_010.json,2025-12-08T14:39:22.906240
002_D_011,002,session_002,alphabet,D,1,dataset/alphabet\D\002_D_011.json,2025-12-08T14:39:24.303419
002_D_012,002,session_002,alphabet,D,1,dataset/alphabet\D\002_D_012.json,2025-12-08T14:39:25.756574
002_D_013,002,session_002,alphabet,D,1,dataset/alphabet\D\002_D_013.json,2025-12-08T14:39:27.284954
002_D_014,002,session_002,alphabet,D,1,dataset/alphabet\D\002_D_014.json,2025-12-08T14:39:28.996456
002_D_015,002,session_002,alphabet,D,1,dataset/alphabet\D\002_D_015.json,2025-12-08T14:39:30.516760
002_E_001,002,session_002,alphabet,E,1,dataset/alphabet\E\002_E_001.json,2025-12-08T14:39:50.674502
002_E_002,002,session_002,alphabet,E,1,dataset/alphabet\E\002_E_002.json,2025-12-08T14:39:52.065066
002_E_003,002,session_002,alphabet,E,1,dataset/alphabet\E\002_E_003.json,2025-12-08T14:39:53.325173
002_E_004,002,session_002,alphabet,E,1,dataset/alphabet\E\002_E_004.json,2025-12-08T14:39:54.525050
002_E_005,002,session_002,alphabet,E,1,dataset/alphabet\E\002_E_005.json,2025-12-08T14:39:55.715152
002_E_006,002,session_002,alphabet,E,1,dataset/alphabet\E\002_E_006.json,2025-12-08T14:39:56.765291
002_E_007,002,session_002,alphabet,E,1,dataset/alphabet\E\002_E_007.json,2025-12-08T14:40:09.134980
002_E_008,002,session_002,alphabet,E,1,dataset/alphabet\E\002_E_008.json,2025-12-08T14:40:10.731517
002_E_009,002,session_002,alphabet,E,1,dataset/alphabet\E\002_E_009.json,2025-12-08T14:40:11.755057
002_E_010,002,session_002,alphabet,E,1,dataset/alphabet\E\002_E_010.json,2025-12-08T14:40:13.004144
002_E_011,002,session_002,alphabet,E,1,dataset/alphabet\E\002_E_011.json,2025-12-08T14:40:14.186772
002_E_012,002,session_002,alphabet,E,1,dataset/alphabet\E\002_E_012.json,2025-12-08T14:40:15.428382
002_E_013,002,session_002,alphabet,E,1,dataset/alphabet\E\002_E_013.json,2025-12-08T14:40:16.592709
002_E_014,002,session_002,alphabet,E,1,dataset/alphabet\E\002_E_014.json,2025-12-08T14:40:17.885692
002_E_015,002,session_002,alphabet,E,1,dataset/alphabet\E\002_E_015.json,2025-12-08T14:40:19.465511
002_F_001,002,session_002,alphabet,F,1,dataset/alphabet\F\002_F_001.json,2025-12-08T14:40:46.920130
002_F_002,002,session_002,alphabet,F,1,dataset/alphabet\F\002_F_002.json,2025-12-08T14:40:48.306660
002_F_003,002,session_002,alphabet,F,1,dataset/alphabet\F\002_F_003.json,2025-12-08T14:40:49.596468
002_F_004,002,session_002,alphabet,F,1,dataset/alphabet\F\002_F_004.json,2025-12-08T14:40:50.880067
002_F_005,002,session_002,alphabet,F,1,dataset/alphabet\F\002_F_005.json,2025-12-08T14:40:52.085139
002_F_006,002,session_002,alphabet,F,1,dataset/alphabet\F\002_F_006.json,2025-12-08T14:40:53.417080
002_F_007,002,session_002,alphabet,F,1,dataset/alphabet\F\002_F_007.json,2025-12-08T14:40:54.727013
002_F_008,002,session_002,alphabet,F,1,dataset/alphabet\F\002_F_008.json,2025-12-08T14:40:56.451104
002_F_009,002,session_002,alphabet,F,1,dataset/alphabet\F\002_F_009.json,2025-12-08T14:40:57.632522
002_F_010,002,session_002,alphabet,F,1,dataset/alphabet\F\002_F_010.json,2025-12-08T14:40:58.802330
002_F_011,002,session_002,alphabet,F,1,dataset/alphabet\F\002_F_011.json,2025-12-08T14:41:00.136637
002_F_012,002,session_002,alphabet,F,1,dataset/alphabet\F\002_F_012.json,2025-12-08T14:41:01.667773
002_F_013,002,session_002,alphabet,F,1,dataset/alphabet\F\002_F_013.json,2025-12-08T14:41:03.317971
002_F_014,002,session_002,alphabet,F,1,dataset/alphabet\F\002_F_014.json,2025-12-08T14:41:04.912165
002_F_015,002,session_002,alphabet,F,1,dataset/alphabet\F\002_F_015.json,2025-12-08T14:41:06.355252
002_G_001,002,session_002,alphabet,G,1,dataset/alphabet\G\002_G_001.json,2025-12-08T14:41:17.358436
002_G_002,002,session_002,alphabet,G,1,dataset/alphabet\G\002_G_002.json,2025-12-08T14:41:22.162498
002_G_003,002,session_002,alphabet,G,1,dataset/alphabet\G\002_G_003.json,2025-12-08T14:41:25.457787
002_G_004,002,session_002,alphabet,G,1,dataset/alphabet\G\002_G_004.json,2025-12-08T14:41:27.105271
002_G_005,002,session_002,alphabet,G,1,dataset/alphabet\G\002_G_005.json,2025-12-08T14:41:28.531234
002_G_006,002,session_002,alphabet,G,1,dataset/alphabet\G\002_G_006.json,2025-12-08T14:41:29.731068
002_G_007,002,session_002,alphabet,G,1,dataset/alphabet\G\002_G_007.json,2025-12-08T14:41:32.786120
002_G_008,002,session_002,alphabet,G,1,dataset/alphabet\G\002_G_008.json,2025-12-08T14:41:34.131298
002_G_009,002,session_002,alphabet,G,1,dataset/alphabet\G\002_G_009.json,2025-12-08T14:41:35.652845
002_G_010,002,session_002,alphabet,G,1,dataset/alphabet\G\002_G_010.json,2025-12-08T14:41:37.187211
002_G_011,002,session_002,alphabet,G,1,dataset/alphabet\G\002_G_011.json,2025-12-08T14:41:38.961605
002_G_012,002,session_002,alphabet,G,1,dataset/alphabet\G\002_G_012.json,2025-12-08T14:41:40.588802
002_G_013,002,session_002,alphabet,G,1,dataset/alphabet\G\002_G_013.json,2025-12-08T14:41:44.610661
002_G_014,002,session_002,alphabet,G,1,dataset/alphabet\G\002_G_014.json,2025-12-08T14:42:01.648488
002_G_015,002,session_002,alphabet,G,1,dataset/alphabet\G\002_G_015.json,2025-12-08T14:42:02.994937
002_H_001,002,session_002,alphabet,H,1,dataset/alphabet\H\002_H_001.json,2025-12-08T14:42:19.343615
002_H_002,002,session_002,alphabet,H,1,dataset/alphabet\H\002_H_002.json,2025-12-08T14:42:20.654788
002_H_003,002,session_002,alphabet,H,1,dataset/alphabet\H\002_H_003.json,2025-12-08T14:42:22.613590
002_H_004,002,session_002,alphabet,H,1,dataset/alphabet\H\002_H_004.json,2025-12-08T14:42:24.088885
002_H_005,002,session_002,alphabet,H,1,dataset/alphabet\H\002_H_005.json,2025-12-08T14:42:25.556530
002_H_006,002,session_002,alphabet,H,1,dataset/alphabet\H\002_H_006.json,2025-12-08T14:42:26.989154
002_H_007,002,session_002,alphabet,H,1,dataset/alphabet\H\002_H_007.json,2025-12-08T14:42:32.626804
002_H_008,002,session_002,alphabet,H,1,dataset/alphabet\H\002_H_008.json,2025-12-08T14:42:34.325196
002_H_009,002,session_002,alphabet,H,1,dataset/alphabet\H\002_H_009.json,2025-12-08T14:42:35.668118
002_H_010,002,session_002,alphabet,H,1,dataset/alphabet\H\002_H_010.json,2025-12-08T14:42:37.248521
002_H_011,002,session_002,alphabet,H,1,dataset/alphabet\H\002_H_011.json,2025-12-08T14:42:38.738360
002_H_012,002,session_002,alphabet,H,1,dataset/alphabet\H\002_H_012.json,2025-12-08T14:42:40.275269
002_H_013,002,session_002,alphabet,H,1,dataset/alphabet\H\002_H_013.json,2025-12-08T14:42:41.790936
002_H_014,002,session_002,alphabet,H,1,dataset/alphabet\H\002_H_014.json,2025-12-08T14:42:43.244354
002_H_015,002,session_002,alphabet,H,1,dataset/alphabet\H\002_H_015.json,2025-12-08T14:42:44.590111
002_I_001,002,session_002,alphabet,I,1,dataset/alphabet\I\002_I_001.json,2025-12-08T14:42:54.587197
002_I_002,002,session_002,alphabet,I,1,dataset/alphabet\I\002_I_002.json,2025-12-08T14:42:56.222671
002_I_003,002,session_002,alphabet,I,1,dataset/alphabet\I\002_I_003.json,2025-12-08T14:42:57.465309
002_I_004,002,session_002,alphabet,I,1,dataset/alphabet\I\002_I_004.json,2025-12-08T14:42:58.677757
002_I_005,002,session_002,alphabet,I,1,dataset/alphabet\I\002_I_005.json,2025-12-08T14:42:59.747119
002_I_006,002,session_002,alphabet,I,1,dataset/alphabet\I\002_I_006.json,2025-12-08T14:43:00.985608
002_I_007,002,session_002,alphabet,I,1,dataset/alphabet\I\002_I_007.json,2025-12-08T14:43:01.983313
002_I_008,002,session_002,alphabet,I,1,dataset/alphabet\I\002_I_008.json,2025-12-08T14:43:03.157851
002_I_009,002,session_002,alphabet,I,1,dataset/alphabet\I\002_I_009.json,2025-12-08T14:43:04.174272
002_I_010,002,session_002,alphabet,I,1,dataset/alphabet\I\002_I_010.json,2025-12-08T14:43:05.254677
002_I_011,002,session_002,alphabet,I,1,dataset/alphabet\I\002_I_011.json,2025-12-08T14:43:06.435169
002_I_012,002,session_002,alphabet,I,1,dataset/alphabet\I\002_I_012.json,2025-12-08T14:43:07.800840
002_I_013,002,session_002,alphabet,I,1,dataset/alphabet\I\002_I_013.json,2025-12-08T14:43:09.349906
002_I_014,002,session_002,alphabet,I,1,dataset/alphabet\I\002_I_014.json,2025-12-08T14:43:11.004811
002_I_015,002,session_002,alphabet,I,1,dataset/alphabet\I\002_I_015.json,2025-12-08T14:43:12.555688
002_J_001,002,session_002,alphabet,J,1,dataset/alphabet\J\002_J_001.json,2025-12-08T14:43:39.840689
002_J_002,002,session_002,alphabet,J,1,dataset/alphabet\J\002_J_002.json,2025-12-08T14:43:48.085733
002_J_003,002,session_002,alphabet,J,1,dataset/alphabet\J\002_J_003.json,2025-12-08T14:43:51.779943
002_J_004,002,session_002,alphabet,J,1,dataset/alphabet\J\002_J_004.json,2025-12-08T14:43:53.394074
002_J_005,002,session_002,alphabet,J,1,dataset/alphabet\J\002_J_005.json,2025-12-08T14:43:54.713466
002_J_006,002,session_002,alphabet,J,1,dataset/alphabet\J\002_J_006.json,2025-12-08T14:43:56.053655
002_J_007,002,session_002,alphabet,J,1,dataset/alphabet\J\002_J_007.json,2025-12-08T14:43:57.345846
002_J_008,002,session_002,alphabet,J,1,dataset/alphabet\J\002_J_008.json,2025-12-08T14:43:58.738851
002_J_009,002,session_002,alphabet,J,1,dataset/alphabet\J\002_J_009.json,2025-12-08T14:44:00.110545
002_J_010,002,session_002,alphabet,J,1,dataset/alphabet\J\002_J_010.json,2025-12-08T14:44:01.538518
002_J_011,002,session_002,alphabet,J,1,dataset/alphabet\J\002_J_011.json,2025-12-08T14:44:02.870847
002_J_012,002,session_002,alphabet,J,1,dataset/alphabet\J\002_J_012.json,2025-12-08T14:44:04.553593
002_J_013,002,session_002,alphabet,J,1,dataset/alphabet\J\002_J_013.json,2025-12-08T14:44:06.983611
002_J_014,002,session_002,alphabet,J,1,dataset/alphabet\J\002_J_014.json,2025-12-08T14:44:08.674945
002_J_015,002,session_002,alphabet,J,1,dataset/alphabet\J\002_J_015.json,2025-12-08T14:44:10.163680
002_K_001,002,session_002,alphabet,K,1,dataset/alphabet\K\002_K_001.json,2025-12-08T14:44:11.078367
002_K_002,002,session_002,alphabet,K,1,dataset/alphabet\K\002_K_002.json,2025-12-08T14:44:22.015263
002_K_003,002,session_002,alphabet,K,1,dataset/alphabet\K\002_K_003.json,2025-12-08T14:44:23.615233
002_K_004,002,session_002,alphabet,K,1,dataset/alphabet\K\002_K_004.json,2025-12-08T14:44:25.074860
002_K_005,002,session_002,alphabet,K,1,dataset/alphabet\K\002_K_005.json,2025-12-08T14:44:26.693523
002_K_006,002,session_002,alphabet,K,1,dataset/alphabet\K\002_K_006.json,2025-12-08T14:44:27.930020
002_K_007,002,session_002,alphabet,K,1,dataset/alphabet\K\002_K_007.json,2025-12-08T14:44:29.333892
002_K_008,002,session_002,alphabet,K,1,dataset/alphabet\K\002_K_008.json,2025-12-08T14:44:30.974805
002_K_009,002,session_002,alphabet,K,1,dataset/alphabet\K\002_K_009.json,2025-12-08T14:44:39.510447
002_K_010,002,session_002,alphabet,K,1,dataset/alphabet\K\002_K_010.json,2025-12-08T14:44:42.365181
002_K_011,002,session_002,alphabet,K,1,dataset/alphabet\K\002_K_011.json,2025-12-08T14:44:43.803555
002_K_012,002,session_002,alphabet,K,1,dataset/alphabet\K\002_K_012.json,2025-12-08T14:44:45.064101
002_K_013,002,session_002,alphabet,K,1,dataset/alphabet\K\002_K_013.json,2025-12-08T14:44:46.627386
002_K_014,002,session_002,alphabet,K,1,dataset/alphabet\K\002_K_014.json,2025-12-08T14:44:48.297591
002_K_015,002,session_002,alphabet,K,1,dataset/alphabet\K\002_K_015.json,2025-12-08T14:44:50.235522
002_L_001,002,session_002,alphabet,L,1,dataset/alphabet\L\002_L_001.json,2025-12-08T14:44:56.648140
002_L_002,002,session_002,alphabet,L,1,dataset/alphabet\L\002_L_002.json,2025-12-08T14:44:57.938281
002_L_003,002,session_002,alphabet,L,1,dataset/alphabet\L\002_L_003.json,2025-12-08T14:44:59.195213
002_L_004,002,session_002,alphabet,L,1,dataset/alphabet\L\002_L_004.json,2025-12-08T14:45:01.278175
002_L_005,002,session_002,alphabet,L,1,dataset/alphabet\L\002_L_005.json,2025-12-08T14:45:02.593774
002_L_006,002,session_002,alphabet,L,1,dataset/alphabet\L\002_L_006.json,2025-12-08T14:45:04.114785
002_L_007,002,session_002,alphabet,L,1,dataset/alphabet\L\002_L_007.json,2025-12-08T14:45:05.365199
002_L_008,002,session_002,alphabet,L,1,dataset/alphabet\L\002_L_008.json,2025-12-08T14:45:06.610704
002_L_009,002,session_002,alphabet,L,1,dataset/alphabet\L\002_L_009.json,2025-12-08T14:45:07.803885
002_L_010,002,session_002,alphabet,L,1,dataset/alphabet\L\002_L_010.json,2025-12-08T14:45:09.193473
002_L_011,002,session_002,alphabet,L,1,dataset/alphabet\L\002_L_011.json,2025-12-08T14:45:10.383889
002_L_012,002,session_002,alphabet,L,1,dataset/alphabet\L\002_L_012.json,2025-12-08T14:45:11.765162
002_L_013,002,session_002,alphabet,L,1,dataset/alphabet\L\002_L_013.json,2025-12-08T14:45:13.033911
002_L_014,002,session_002,alphabet,L,1,dataset/alphabet\L\002_L_014.json,2025-12-08T14:45:14.265279
002_L_015,002,session_002,alphabet,L,1,dataset/alphabet\L\002_L_015.json,2025-12-08T14:45:17.523713
002_M_001,002,session_002,alphabet,M,1,dataset/alphabet\M\002_M_001.json,2025-12-08T14:45:28.373457
002_M_002,002,session_002,alphabet,M,1,dataset/alphabet\M\002_M_002.json,2025-12-08T14:45:29.757875
002_M_003,002,session_002,alphabet,M,1,dataset/alphabet\M\002_M_003.json,2025-12-08T14:45:31.350108
002_M_004,002,session_002,alphabet,M,1,dataset/alphabet\M\002_M_004.json,2025-12-08T14:45:33.423451
002_M_005,002,session_002,alphabet,M,1,dataset/alphabet\M\002_M_005.json,2025-12-08T14:45:35.011712
002_M_006,002,session_002,alphabet,M,1,dataset/alphabet\M\002_M_006.json,2025-12-08T14:45:41.685270
002_M_007,002,session_002,alphabet,M,1,dataset/alphabet\M\002_M_007.json,2025-12-08T14:45:43.317190
002_M_008,002,session_002,alphabet,M,1,dataset/alphabet\M\002_M_008.json,2025-12-08T14:45:47.493447
002_M_009,002,session_002,alphabet,M,1,dataset/alphabet\M\002_M_009.json,2025-12-08T14:45:49.243697
002_M_010,002,session_002,alphabet,M,1,dataset/alphabet\M\002_M_010.json,2025-12-08T14:45:50.929128
002_M_011,002,session_002,alphabet,M,1,dataset/alphabet\M\002_M_011.json,2025-12-08T14:45:53.595714
002_M_012,002,session_002,alphabet,M,1,dataset/alphabet\M\002_M_012.json,2025-12-08T14:45:55.125322
002_M_013,002,session_002,alphabet,M,1,dataset/alphabet\M\002_M_013.json,2025-12-08T14:45:56.626053
002_M_014,002,session_002,alphabet,M,1,dataset/alphabet\M\002_M_014.json,2025-12-08T14:45:59.118150
002_M_015,002,session_002,alphabet,M,1,dataset/alphabet\M\002_M_015.json,2025-12-08T14:46:01.193893
002_N_001,002,session_002,alphabet,N,1,dataset/alphabet\N\002_N_001.json,2025-12-08T14:46:08.271798
002_N_002,002,session_002,alphabet,N,1,dataset/alphabet\N\002_N_002.json,2025-12-08T14:46:10.155226
002_N_003,002,session_002,alphabet,N,1,dataset/alphabet\N\002_N_003.json,2025-12-08T14:46:13.403576
002_N_004,002,session_002,alphabet,N,1,dataset/alphabet\N\002_N_004.json,2025-12-08T14:46:16.345370
002_N_005,002,session_002,alphabet,N,1,dataset/alphabet\N\002_N_005.json,2025-12-08T14:46:17.881364
002_N_006,002,session_002,alphabet,N,1,dataset/alphabet\N\002_N_006.json,2025-12-08T14:46:19.373520
002_N_007,002,session_002,alphabet,N,1,dataset/alphabet\N\002_N_007.json,2025-12-08T14:46:21.066259
002_N_008,002,session_002,alphabet,N,1,dataset/alphabet\N\002_N_008.json,2025-12-08T14:46:22.480371
002_N_009,002,session_002,alphabet,N,1,dataset/alphabet\N\002_N_009.json,2025-12-08T14:46:23.993721
002_N_010,002,session_002,alphabet,N,1,dataset/alphabet\N\002_N_010.json,2025-12-08T14:46:25.917536
002_N_011,002,session_002,alphabet,N,1,dataset/alphabet\N\002_N_011.json,2025-12-08T14:46:31.247951
002_N_012,002,session_002,alphabet,N,1,dataset/alphabet\N\002_N_012.json,2025-12-08T14:46:32.789048
002_N_013,002,session_002,alphabet,N,1,dataset/alphabet\N\002_N_013.json,2025-12-08T14:46:34.535493
002_N_014,002,session_002,alphabet,N,1,dataset/alphabet\N\002_N_014.json,2025-12-08T14:46:36.068088
002_N_015,002,session_002,alphabet,N,1,dataset/alphabet\N\002_N_015.json,2025-12-08T14:46:38.128189
002_O_001,002,session_002,alphabet,O,1,dataset/alphabet\O\002_O_001.json,2025-12-08T14:46:51.104147
002_O_002,002,session_002,alphabet,O,1,dataset/alphabet\O\002_O_002.json,2025-12-08T14:46:52.734864
002_O_003,002,session_002,alphabet,O,1,dataset/alphabet\O\002_O_003.json,2025-12-08T14:46:53.808439
002_O_004,002,session_002,alphabet,O,1,dataset/alphabet\O\002_O_004.json,2025-12-08T14:46:55.151842
002_O_005,002,session_002,alphabet,O,1,dataset/alphabet\O\002_O_005.json,2025-12-08T14:46:56.365452
002_O_006,002,session_002,alphabet,O,1,dataset/alphabet\O\002_O_006.json,2025-12-08T14:46:57.614429
002_O_007,002,session_002,alphabet,O,1,dataset/alphabet\O\002_O_007.json,2025-12-08T14:46:58.850539
002_O_008,002,session_002,alphabet,O,1,dataset/alphabet\O\002_O_008.json,2025-12-08T14:47:00.094543
002_O_009,002,session_002,alphabet,O,1,dataset/alphabet\O\002_O_009.json,2025-12-08T14:47:01.354704
002_O_010,002,session_002,alphabet,O,1,dataset/alphabet\O\002_O_010.json,2025-12-08T14:47:02.582727
002_O_011,002,session_002,alphabet,O,1,dataset/alphabet\O\002_O_011.json,2025-12-08T14:47:04.204874
002_O_012,002,session_002,alphabet,O,1,dataset/alphabet\O\002_O_012.json,2025-12-08T14:47:05.719128
002_O_013,002,session_002,alphabet,O,1,dataset/alphabet\O\002_O_013.json,2025-12-08T14:47:06.952669
002_O_014,002,session_002,alphabet,O,1,dataset/alphabet\O\002_O_014.json,2025-12-08T14:47:08.208907
002_O_015,002,session_002,alphabet,O,1,dataset/alphabet\O\002_O_015.json,2025-12-08T14:47:09.886585
002_P_001,002,session_002,alphabet,P,1,dataset/alphabet\P\002_P_001.json,2025-12-08T14:47:22.006035
002_P_002,002,session_002,alphabet,P,1,dataset/alphabet\P\002_P_002.json,2025-12-08T14:47:23.505309
002_P_003,002,session_002,alphabet,P,1,dataset/alphabet\P\002_P_003.json,2025-12-08T14:47:24.933790
002_P_004,002,session_002,alphabet,P,1,dataset/alphabet\P\002_P_004.json,2025-12-08T14:47:32.706771
002_P_005,002,session_002,alphabet,P,1,dataset/alphabet\P\002_P_005.json,2025-12-08T14:47:34.414521
002_P_006,002,session_002,alphabet,P,1,dataset/alphabet\P\002_P_006.json,2025-12-08T14:47:35.774175
002_P_007,002,session_002,alphabet,P,1,dataset/alphabet\P\002_P_007.json,2025-12-08T14:47:37.333625
002_P_008,002,session_002,alphabet,P,1,dataset/alphabet\P\002_P_008.json,2025-12-08T14:47:38.632617
002_P_009,002,session_002,alphabet,P,1,dataset/alphabet\P\002_P_009.json,2025-12-08T14:47:40.052796
002_P_010,002,session_002,alphabet,P,1,dataset/alphabet\P\002_P_010.json,2025-12-08T14:47:41.523168
002_P_011,002,session_002,alphabet,P,1,dataset/alphabet\P\002_P_011.json,2025-12-08T14:47:42.803672
002_P_012,002,session_002,alphabet,P,1,dataset/alphabet\P\002_P_012.json,2025-12-08T14:47:44.107597
002_P_013,002,session_002,alphabet,P,1,dataset/alphabet\P\002_P_013.json,2025-12-08T14:47:45.544143
002_P_014,002,session_002,alphabet,P,1,dataset/alphabet\P\002_P_014.json,2025-12-08T14:47:46.877352
002_P_015,002,session_002,alphabet,P,1,dataset/alphabet\P\002_P_015.json,2025-12-08T14:47:48.692804
002_Q_001,002,session_002,alphabet,Q,1,dataset/alphabet\Q\002_Q_001.json,2025-12-08T14:48:03.347028
002_Q_002,002,session_002,alphabet,Q,1,dataset/alphabet\Q\002_Q_002.json,2025-12-08T14:48:19.812932
002_Q_003,002,session_002,alphabet,Q,1,dataset/alphabet\Q\002_Q_003.json,2025-12-08T14:48:21.726206
002_Q_004,002,session_002,alphabet,Q,1,dataset/alphabet\Q\002_Q_004.json,2025-12-08T14:48:25.824810
002_Q_005,002,session_002,alphabet,Q,1,dataset/alphabet\Q\002_Q_005.json,2025-12-08T14:48:27.493175
002_Q_006,002,session_002,alphabet,Q,1,dataset/alphabet\Q\002_Q_006.json,2025-12-08T14:48:29.060255
002_Q_007,002,session_002,alphabet,Q,1,dataset/alphabet\Q\002_Q_007.json,2025-12-08T14:48:30.494507
002_Q_008,002,session_002,alphabet,Q,1,dataset/alphabet\Q\002_Q_008.json,2025-12-08T14:48:31.888785
002_Q_009,002,session_002,alphabet,Q,1,dataset/alphabet\Q\002_Q_009.json,2025-12-08T14:48:33.362712
002_Q_010,002,session_002,alphabet,Q,1,dataset/alphabet\Q\002_Q_010.json,2025-12-08T14:48:35.378260
002_Q_011,002,session_002,alphabet,Q,1,dataset/alphabet\Q\002_Q_011.json,2025-12-08T14:48:36.693718
002_Q_012,002,session_002,alphabet,Q,1,dataset/alphabet\Q\002_Q_012.json,2025-12-08T14:48:38.143773
002_Q_013,002,session_002,alphabet,Q,1,dataset/alphabet\Q\002_Q_013.json,2025-12-08T14:48:39.532838
002_Q_014,002,session_002,alphabet,Q,1,dataset/alphabet\Q\002_Q_014.json,2025-12-08T14:48:41.013996
002_Q_015,002,session_002,alphabet,Q,1,dataset/alphabet\Q\002_Q_015.json,2025-12-08T14:48:42.395094
002_R_001,002,session_002,alphabet,R,1,dataset/alphabet\R\002_R_001.json,2025-12-08T14:49:01.782646
002_R_002,002,session_002,alphabet,R,1,dataset/alphabet\R\002_R_002.json,2025-12-08T14:49:07.103950
002_R_003,002,session_002,alphabet,R,1,dataset/alphabet\R\002_R_003.json,2025-12-08T14:49:08.625329
002_R_004,002,session_002,alphabet,R,1,dataset/alphabet\R\002_R_004.json,2025-12-08T14:49:09.966911
002_R_005,002,session_002,alphabet,R,1,dataset/alphabet\R\002_R_005.json,2025-12-08T14:49:11.324240
002_R_006,002,session_002,alphabet,R,1,dataset/alphabet\R\002_R_006.json,2025-12-08T14:49:13.221072
002_R_007,002,session_002,alphabet,R,1,dataset/alphabet\R\002_R_007.json,2025-12-08T14:49:14.995870
002_R_008,002,session_002,alphabet,R,1,dataset/alphabet\R\002_R_008.json,2025-12-08T14:49:16.779570
002_R_009,002,session_002,alphabet,R,1,dataset/alphabet\R\002_R_009.json,2025-12-08T14:49:18.331949
002_R_010,002,session_002,alphabet,R,1,dataset/alphabet\R\002_R_010.json,2025-12-08T14:49:19.974692
002_R_011,002,session_002,alphabet,R,1,dataset/alphabet\R\002_R_011.json,2025-12-08T14:49:21.722440
002_R_012,002,session_002,alphabet,R,1,dataset/alphabet\R\002_R_012.json,2025-12-08T14:49:23.256221
002_R_013,002,session_002,alphabet,R,1,dataset/alphabet\R\002_R_013.json,2025-12-08T14:49:24.691802
002_R_014,002,session_002,alphabet,R,1,dataset/alphabet\R\002_R_014.json,2025-12-08T14:49:26.092574
002_R_015,002,session_002,alphabet,R,1,dataset/alphabet\R\002_R_015.json,2025-12-08T14:49:27.772677
002_S_001,002,session_002,alphabet,S,1,dataset/alphabet\S\002_S_001.json,2025-12-08T14:50:05.023536
002_S_002,002,session_002,alphabet,S,1,dataset/alphabet\S\002_S_002.json,2025-12-08T14:50:06.739038
002_S_003,002,session_002,alphabet,S,1,dataset/alphabet\S\002_S_003.json,2025-12-08T14:50:07.948242
002_S_004,002,session_002,alphabet,S,1,dataset/alphabet\S\002_S_004.json,2025-12-08T14:50:09.511174
002_S_005,002,session_002,alphabet,S,1,dataset/alphabet\S\002_S_005.json,2025-12-08T14:50:11.298915
002_S_006,002,session_002,alphabet,S,1,dataset/alphabet\S\002_S_006.json,2025-12-08T14:50:13.162165
002_S_007,002,session_002,alphabet,S,1,dataset/alphabet\S\002_S_007.json,2025-12-08T14:50:15.483772
002_S_008,002,session_002,alphabet,S,1,dataset/alphabet\S\002_S_008.json,2025-12-08T14:50:17.206854
002_S_009,002,session_002,alphabet,S,1,dataset/alphabet\S\002_S_009.json,2025-12-08T14:50:18.843166
002_S_010,002,session_002,alphabet,S,1,dataset/alphabet\S\002_S_010.json,2025-12-08T14:50:20.539986
002_S_011,002,session_002,alphabet,S,1,dataset/alphabet\S\002_S_011.json,2025-12-08T14:50:22.132853
002_S_012,002,session_002,alphabet,S,1,dataset/alphabet\S\002_S_012.json,2025-12-08T14:50:23.870196
002_S_013,002,session_002,alphabet,S,1,dataset/alphabet\S\002_S_013.json,2025-12-08T14:50:25.406079
002_S_014,002,session_002,alphabet,S,1,dataset/alphabet\S\002_S_014.json,2025-12-08T14:50:26.791015
002_S_015,002,session_002,alphabet,S,1,dataset/alphabet\S\002_S_015.json,2025-12-08T14:50:28.551003
002_T_001,002,session_002,alphabet,T,1,dataset/alphabet\T\002_T_001.json,2025-12-08T14:50:40.052435
002_T_002,002,session_002,alphabet,T,1,dataset/alphabet\T\002_T_002.json,2025-12-08T14:50:41.801177
002_T_003,002,session_002,alphabet,T,1,dataset/alphabet\T\002_T_003.json,2025-12-08T14:50:43.160102
002_T_004,002,session_002,alphabet,T,1,dataset/alphabet\T\002_T_004.json,2025-12-08T14:50:44.653471
002_T_005,002,session_002,alphabet,T,1,dataset/alphabet\T\002_T_005.json,2025-12-08T14:50:46.183723
002_T_006,002,session_002,alphabet,T,1,dataset/alphabet\T\002_T_006.json,2025-12-08T14:50:47.560550
002_T_007,002,session_002,alphabet,T,1,dataset/alphabet\T\002_T_007.json,2025-12-08T14:50:48.993246
002_T_008,002,session_002,alphabet,T,1,dataset/alphabet\T\002_T_008.json,2025-12-08T14:50:53.591859
002_T_009,002,session_002,alphabet,T,1,dataset/alphabet\T\002_T_009.json,2025-12-08T14:50:55.505026
002_T_010,002,session_002,alphabet,T,1,dataset/alphabet\T\002_T_010.json,2025-12-08T14:50:56.978571
002_T_011,002,session_002,alphabet,T,1,dataset/alphabet\T\002_T_011.json,2025-12-08T14:50:58.466647
002_T_012,002,session_002,alphabet,T,1,dataset/alphabet\T\002_T_012.json,2025-12-08T14:51:00.154867
002_T_013,002,session_002,alphabet,T,1,dataset/alphabet\T\002_T_013.json,2025-12-08T14:51:01.929120
002_T_014,002,session_002,alphabet,T,1,dataset/alphabet\T\002_T_014.json,2025-12-08T14:51:03.340071
002_T_015,002,session_002,alphabet,T,1,dataset/alphabet\T\002_T_015.json,2025-12-08T14:51:04.761992
002_U_001,002,session_002,alphabet,U,1,dataset/alphabet\U\002_U_001.json,2025-12-08T14:51:16.324147
002_U_002,002,session_002,alphabet,U,1,dataset/alphabet\U\002_U_002.json,2025-12-08T14:51:18.006550
002_U_003,002,session_002,alphabet,U,1,dataset/alphabet\U\002_U_003.json,2025-12-08T14:51:19.451196
002_U_004,002,session_002,alphabet,U,1,dataset/alphabet\U\002_U_004.json,2025-12-08T14:51:21.210984
002_U_005,002,session_002,alphabet,U,1,dataset/alphabet\U\002_U_005.json,2025-12-08T14:51:22.860803
002_U_006,002,session_002,alphabet,U,1,dataset/alphabet\U\002_U_006.json,2025-12-08T14:51:24.496547
002_U_007,002,session_002,alphabet,U,1,dataset/alphabet\U\002_U_007.json,2025-12-08T14:51:25.849335
002_U_008,002,session_002,alphabet,U,1,dataset/alphabet\U\002_U_008.json,2025-12-08T14:51:27.483651
002_U_009,002,session_002,alphabet,U,1,dataset/alphabet\U\002_U_009.json,2025-12-08T14:51:28.786478
002_U_010,002,session_002,alphabet,U,1,dataset/alphabet\U\002_U_010.json,2025-12-08T14:51:30.179319
002_U_011,002,session_002,alphabet,U,1,dataset/alphabet\U\002_U_011.json,2025-12-08T14:51:31.763105
002_U_012,002,session_002,alphabet,U,1,dataset/alphabet\U\002_U_012.json,2025-12-08T14:51:32.947638
002_U_013,002,session_002,alphabet,U,1,dataset/alphabet\U\002_U_013.json,2025-12-08T14:51:34.090241
002_U_014,002,session_002,alphabet,U,1,dataset/alphabet\U\002_U_014.json,2025-12-08T14:51:35.856408
002_U_015,002,session_002,alphabet,U,1,dataset/alphabet\U\002_U_015.json,2025-12-08T14:51:37.244416
002_V_001,002,session_002,alphabet,V,1,dataset/alphabet\V\002_V_001.json,2025-12-08T14:51:45.204353
002_V_002,002,session_002,alphabet,V,1,dataset/alphabet\V\002_V_002.json,2025-12-08T14:51:46.350943
002_V_003,002,session_002,alphabet,V,1,dataset/alphabet\V\002_V_003.json,2025-12-08T14:51:47.627158
002_V_004,002,session_002,alphabet,V,1,dataset/alphabet\V\002_V_004.json,2025-12-08T14:51:49.011046
002_V_005,002,session_002,alphabet,V,1,dataset/alphabet\V\002_V_005.json,2025-12-08T14:51:50.183812
002_V_006,002,session_002,alphabet,V,1,dataset/alphabet\V\002_V_006.json,2025-12-08T14:51:51.419942
002_V_007,002,session_002,alphabet,V,1,dataset/alphabet\V\002_V_007.json,2025-12-08T14:51:52.653629
002_V_008,002,session_002,alphabet,V,1,dataset/alphabet\V\002_V_008.json,2025-12-08T14:51:53.907209
002_V_009,002,session_002,alphabet,V,1,dataset/alphabet\V\002_V_009.json,2025-12-08T14:51:55.332240
002_V_010,002,session_002,alphabet,V,1,dataset/alphabet\V\002_V_010.json,2025-12-08T14:51:56.671587
002_V_011,002,session_002,alphabet,V,1,dataset/alphabet\V\002_V_011.json,2025-12-08T14:51:57.981032
002_V_012,002,session_002,alphabet,V,1,dataset/alphabet\V\002_V_012.json,2025-12-08T14:51:59.131037
002_V_013,002,session_002,alphabet,V,1,dataset/alphabet\V\002_V_013.json,2025-12-08T14:52:00.244214
002_V_014,002,session_002,alphabet,V,1,dataset/alphabet\V\002_V_014.json,2025-12-08T14:52:01.614981
002_V_015,002,session_002,alphabet,V,1,dataset/alphabet\V\002_V_015.json,2025-12-08T14:52:02.805803
002_W_001,002,session_002,alphabet,W,1,dataset/alphabet\W\002_W_001.json,2025-12-08T14:52:16.495703
002_W_002,002,session_002,alphabet,W,1,dataset/alphabet\W\002_W_002.json,2025-12-08T14:52:18.042578
002_W_003,002,session_002,alphabet,W,1,dataset/alphabet\W\002_W_003.json,2025-12-08T14:52:19.441238
002_W_004,002,session_002,alphabet,W,1,dataset/alphabet\W\002_W_004.json,2025-12-08T14:52:20.875770
002_W_005,002,session_002,alphabet,W,1,dataset/alphabet\W\002_W_005.json,2025-12-08T14:52:22.331233
002_W_006,002,session_002,alphabet,W,1,dataset/alphabet\W\002_W_006.json,2025-12-08T14:52:23.312583
002_W_007,002,session_002,alphabet,W,1,dataset/alphabet\W\002_W_007.json,2025-12-08T14:52:24.703600
002_W_008,002,session_002,alphabet,W,1,dataset/alphabet\W\002_W_008.json,2025-12-08T14:52:26.232268
002_W_009,002,session_002,alphabet,W,1,dataset/alphabet\W\002_W_009.json,2025-12-08T14:52:27.584598
002_W_010,002,session_002,alphabet,W,1,dataset/alphabet\W\002_W_010.json,2025-12-08T14:52:28.993801
002_W_011,002,session_002,alphabet,W,1,dataset/alphabet\W\002_W_011.json,2025-12-08T14:52:30.436283
002_W_012,002,session_002,alphabet,W,1,dataset/alphabet\W\002_W_012.json,2025-12-08T14:52:31.730858
002_W_013,002,session_002,alphabet,W,1,dataset/alphabet\W\002_W_013.json,2025-12-08T14:52:33.130936
002_W_014,002,session_002,alphabet,W,1,dataset/alphabet\W\002_W_014.json,2025-12-08T14:52:34.573474
002_W_015,002,session_002,alphabet,W,1,dataset/alphabet\W\002_W_015.json,2025-12-08T14:52:35.941079
002_X_001,002,session_002,alphabet,X,1,dataset/alphabet\X\002_X_001.json,2025-12-08T14:52:51.950215
002_X_002,002,session_002,alphabet,X,1,dataset/alphabet\X\002_X_002.json,2025-12-08T14:52:53.601202
002_X_003,002,session_002,alphabet,X,1,dataset/alphabet\X\002_X_003.json,2025-12-08T14:52:55.001282
002_X_004,002,session_002,alphabet,X,1,dataset/alphabet\X\002_X_004.json,2025-12-08T14:52:56.994501
002_X_005,002,session_002,alphabet,X,1,dataset/alphabet\X\002_X_005.json,2025-12-08T14:52:58.343418
002_X_006,002,session_002,alphabet,X,1,dataset/alphabet\X\002_X_006.json,2025-12-08T14:52:59.626789
002_X_007,002,session_002,alphabet,X,1,dataset/alphabet\X\002_X_007.json,2025-12-08T14:53:01.264538
002_X_008,002,session_002,alphabet,X,1,dataset/alphabet\X\002_X_008.json,2025-12-08T14:53:11.368915
002_X_009,002,session_002,alphabet,X,1,dataset/alphabet\X\002_X_009.json,2025-12-08T14:53:13.760516
002_X_010,002,session_002,alphabet,X,1,dataset/alphabet\X\002_X_010.json,2025-12-08T14:53:15.469793
002_X_011,002,session_002,alphabet,X,1,dataset/alphabet\X\002_X_011.json,2025-12-08T14:53:16.777405
002_X_012,002,session_002,alphabet,X,1,dataset/alphabet\X\002_X_012.json,2025-12-08T14:53:18.129347
002_X_013,002,session_002,alphabet,X,1,dataset/alphabet\X\002_X_013.json,2025-12-08T14:53:20.377406
002_X_014,002,session_002,alphabet,X,1,dataset/alphabet\X\002_X_014.json,2025-12-08T14:53:27.709258
002_X_015,002,session_002,alphabet,X,1,dataset/alphabet\X\002_X_015.json,2025-12-08T14:53:29.678324
002_Y_001,002,session_002,alphabet,Y,1,dataset/alphabet\Y\002_Y_001.json,2025-12-08T14:53:43.127589
002_Y_002,002,session_002,alphabet,Y,1,dataset/alphabet\Y\002_Y_002.json,2025-12-08T14:53:44.519293
002_Y_003,002,session_002,alphabet,Y,1,dataset/alphabet\Y\002_Y_003.json,2025-12-08T14:53:49.569617
002_Y_004,002,session_002,alphabet,Y,1,dataset/alphabet\Y\002_Y_004.json,2025-12-08T14:53:51.301685
002_Y_005,002,session_002,alphabet,Y,1,dataset/alphabet\Y\002_Y_005.json,2025-12-08T14:53:53.856877
002_Y_006,002,session_002,alphabet,Y,1,dataset/alphabet\Y\002_Y_006.json,2025-12-08T14:54:03.601597
002_Y_007,002,session_002,alphabet,Y,1,dataset/alphabet\Y\002_Y_007.json,2025-12-08T14:54:10.169211
002_Y_008,002,session_002,alphabet,Y,1,dataset/alphabet\Y\002_Y_008.json,2025-12-08T14:54:11.449070
002_Y_009,002,session_002,alphabet,Y,1,dataset/alphabet\Y\002_Y_009.json,2025-12-08T14:54:22.009335
002_Y_010,002,session_002,alphabet,Y,1,dataset/alphabet\Y\002_Y_010.json,2025-12-08T14:54:23.492158
002_Y_011,002,session_002,alphabet,Y,1,dataset/alphabet\Y\002_Y_011.json,2025-12-08T14:54:25.066923
002_Y_012,002,session_002,alphabet,Y,1,dataset/alphabet\Y\002_Y_012.json,2025-12-08T14:54:26.667805
002_Y_013,002,session_002,alphabet,Y,1,dataset/alphabet\Y\002_Y_013.json,2025-12-08T14:54:29.437830
002_Y_014,002,session_002,alphabet,Y,1,dataset/alphabet\Y\002_Y_014.json,2025-12-08T14:54:30.971557
002_Y_015,002,session_002,alphabet,Y,1,dataset/alphabet\Y\002_Y_015.json,2025-12-08T14:54:33.156650
002_Z_001,002,session_002,alphabet,Z,1,dataset/alphabet\Z\002_Z_001.json,2025-12-08T14:54:42.961586
002_Z_002,002,session_002,alphabet,Z,1,dataset/alphabet\Z\002_Z_002.json,2025-12-08T14:54:44.826872
002_Z_003,002,session_002,alphabet,Z,1,dataset/alphabet\Z\002_Z_003.json,2025-12-08T14:54:46.069465
002_Z_004,002,session_002,alphabet,Z,1,dataset/alphabet\Z\002_Z_004.json,2025-12-08T14:54:47.298290
002_Z_005,002,session_002,alphabet,Z,1,dataset/alphabet\Z\002_Z_005.json,2025-12-08T14:54:48.713990
002_Z_006,002,session_002,alphabet,Z,1,dataset/alphabet\Z\002_Z_006.json,2025-12-08T14:54:49.772729
002_Z_007,002,session_002,alphabet,Z,1,dataset/alphabet\Z\002_Z_007.json,2025-12-08T14:54:51.027386
002_Z_008,002,session_002,alphabet,Z,1,dataset/alphabet\Z\002_Z_008.json,2025-12-08T14:54:52.272556
002_Z_009,002,session_002,alphabet,Z,1,dataset/alphabet\Z\002_Z_009.json,2025-12-08T14:54:53.597010
002_Z_010,002,session_002,alphabet,Z,1,dataset/alphabet\Z\002_Z_010.json,2025-12-08T14:54:54.863998
002_Z_011,002,session_002,alphabet,Z,1,dataset/alphabet\Z\002_Z_011.json,2025-12-08T14:54:56.089297
002_Z_012,002,session_002,alphabet,Z,1,dataset/alphabet\Z\002_Z_012.json,2025-12-08T14:54:57.321748
002_Z_013,002,session_002,alphabet,Z,1,dataset/alphabet\Z\002_Z_013.json,2025-12-08T14:54:58.791253
002_Z_014,002,session_002,alphabet,Z,1,dataset/alphabet\Z\002_Z_014.json,2025-12-08T14:55:00.152164
002_Z_015,002,session_002,alphabet,Z,1,dataset/alphabet\Z\002_Z_015.json,2025-12-08T14:55:01.341156
006_A_001,006,session_001,alphabet,A,1,dataset/alphabet\A\006_A_001.json,2025-12-12T15:02:49.080637
006_A_002,006,session_001,alphabet,A,1,dataset/alphabet\A\006_A_002.json,2025-12-12T15:02:50.536399
006_A_003,006,session_001,alphabet,A,1,dataset/alphabet\A\006_A_003.json,2025-12-12T15:02:51.693827
006_A_004,006,session_001,alphabet,A,1,dataset/alphabet\A\006_A_004.json,2025-12-12T15:02:52.989360
006_A_005,006,session_001,alphabet,A,1,dataset/alphabet\A\006_A_005.json,2025-12-12T15:02:56.114998
006_A_006,006,session_001,alphabet,A,1,dataset/alphabet\A\006_A_006.json,2025-12-12T15:02:57.543163
006_A_007,006,session_001,alphabet,A,1,dataset/alphabet\A\006_A_007.json,2025-12-12T15:02:58.846180
006_A_008,006,session_001,alphabet,A,1,dataset/alphabet\A\006_A_008.json,2025-12-12T15:02:59.932255
006_A_009,006,session_001,alphabet,A,1,dataset/alphabet\A\006_A_009.json,2025-12-12T15:03:01.229482
006_A_010,006,session_001,alphabet,A,1,dataset/alphabet\A\006_A_010.json,2025-12-12T15:03:02.222649
006_A_011,006,session_001,alphabet,A,1,dataset/alphabet\A\006_A_011.json,2025-12-12T15:03:03.470965
006_A_012,006,session_001,alphabet,A,1,dataset/alphabet\A\006_A_012.json,2025-12-12T15:03:04.591987
006_A_013,006,session_001,alphabet,A,1,dataset/alphabet\A\006_A_013.json,2025-12-12T15:03:05.614092
006_A_014,006,session_001,alphabet,A,1,dataset/alphabet\A\006_A_014.json,2025-12-12T15:03:06.910661
006_A_015,006,session_001,alphabet,A,1,dataset/alphabet\A\006_A_015.json,2025-12-12T15:03:07.978033
006_B_001,006,session_001,alphabet,B,1,dataset/alphabet\B\006_B_001.json,2025-12-12T15:03:19.761085
006_B_002,006,session_001,alphabet,B,1,dataset/alphabet\B\006_B_002.json,2025-12-12T15:03:21.113984
006_B_003,006,session_001,alphabet,B,1,dataset/alphabet\B\006_B_003.json,2025-12-12T15:03:22.156420
006_B_004,006,session_001,alphabet,B,1,dataset/alphabet\B\006_B_004.json,2025-12-12T15:03:23.178118
006_B_005,006,session_001,alphabet,B,1,dataset/alphabet\B\006_B_005.json,2025-12-12T15:03:24.396245
006_B_006,006,session_001,alphabet,B,1,dataset/alphabet\B\006_B_006.json,2025-12-12T15:03:25.407662
006_B_007,006,session_001,alphabet,B,1,dataset/alphabet\B\006_B_007.json,2025-12-12T15:03:26.656793
006_B_008,006,session_001,alphabet,B,1,dataset/alphabet\B\006_B_008.json,2025-12-12T15:03:27.783687
006_B_009,006,session_001,alphabet,B,1,dataset/alphabet\B\006_B_009.json,2025-12-12T15:03:28.778467
006_B_010,006,session_001,alphabet,B,1,dataset/alphabet\B\006_B_010.json,2025-12-12T15:03:29.955049
006_B_011,006,session_001,alphabet,B,1,dataset/alphabet\B\006_B_011.json,2025-12-12T15:03:31.179909
006_B_012,006,session_001,alphabet,B,1,dataset/alphabet\B\006_B_012.json,2025-12-12T15:03:32.228550
006_B_013,006,session_001,alphabet,B,1,dataset/alphabet\B\006_B_013.json,2025-12-12T15:03:33.159940
006_B_014,006,session_001,alphabet,B,1,dataset/alphabet\B\006_B_014.json,2025-12-12T15:03:34.455171
006_B_015,006,session_001,alphabet,B,1,dataset/alphabet\B\006_B_015.json,2025-12-12T15:03:35.412040
006_C_001,006,session_001,alphabet,C,1,dataset/alphabet\C\006_C_001.json,2025-12-12T15:03:39.800114
006_C_002,006,session_001,alphabet,C,1,dataset/alphabet\C\006_C_002.json,2025-12-12T15:03:41.281886
006_C_003,006,session_001,alphabet,C,1,dataset/alphabet\C\006_C_003.json,2025-12-12T15:03:42.445615
006_C_004,006,session_001,alphabet,C,1,dataset/alphabet\C\006_C_004.json,2025-12-12T15:03:43.521797
006_C_005,006,session_001,alphabet,C,1,dataset/alphabet\C\006_C_005.json,2025-12-12T15:03:44.696831
006_C_006,006,session_001,alphabet,C,1,dataset/alphabet\C\006_C_006.json,2025-12-12T15:03:45.659577
006_C_007,006,session_001,alphabet,C,1,dataset/alphabet\C\006_C_007.json,2025-12-12T15:03:46.622805
006_C_008,006,session_001,alphabet,C,1,dataset/alphabet\C\006_C_008.json,2025-12-12T15:03:47.817666
006_C_009,006,session_001,alphabet,C,1,dataset/alphabet\C\006_C_009.json,2025-12-12T15:03:48.781968
006_C_010,006,session_001,alphabet,C,1,dataset/alphabet\C\006_C_010.json,2025-12-12T15:03:49.853936
006_C_011,006,session_001,alphabet,C,1,dataset/alphabet\C\006_C_011.json,2025-12-12T15:03:50.937250
006_C_012,006,session_001,alphabet,C,1,dataset/alphabet\C\006_C_012.json,2025-12-12T15:03:52.020424
006_C_013,006,session_001,alphabet,C,1,dataset/alphabet\C\006_C_013.json,2025-12-12T15:03:53.241817
006_C_014,006,session_001,alphabet,C,1,dataset/alphabet\C\006_C_014.json,2025-12-12T15:03:54.223185
006_C_015,006,session_001,alphabet,C,1,dataset/alphabet\C\006_C_015.json,2025-12-12T15:03:55.183366
006_D_001,006,session_001,alphabet,D,1,dataset/alphabet\D\006_D_001.json,2025-12-12T15:04:00.414701
006_D_002,006,session_001,alphabet,D,1,dataset/alphabet\D\006_D_002.json,2025-12-12T15:04:01.518543
006_D_003,006,session_001,alphabet,D,1,dataset/alphabet\D\006_D_003.json,2025-12-12T15:04:02.594779
006_D_004,006,session_001,alphabet,D,1,dataset/alphabet\D\006_D_004.json,2025-12-12T15:04:03.424113
006_D_005,006,session_001,alphabet,D,1,dataset/alphabet\D\006_D_005.json,2025-12-12T15:04:04.813172
006_D_006,006,session_001,alphabet,D,1,dataset/alphabet\D\006_D_006.json,2025-12-12T15:04:05.800187
006_D_007,006,session_001,alphabet,D,1,dataset/alphabet\D\006_D_007.json,2025-12-12T15:04:06.775867
006_D_008,006,session_001,alphabet,D,1,dataset/alphabet\D\006_D_008.json,2025-12-12T15:04:07.724688
006_D_009,006,session_001,alphabet,D,1,dataset/alphabet\D\006_D_009.json,2025-12-12T15:04:08.632957
006_D_010,006,session_001,alphabet,D,1,dataset/alphabet\D\006_D_010.json,2025-12-12T15:04:09.795178
006_D_011,006,session_001,alphabet,D,1,dataset/alphabet\D\006_D_011.json,2025-12-12T15:04:10.876231
006_D_012,006,session_001,alphabet,D,1,dataset/alphabet\D\006_D_012.json,2025-12-12T15:04:11.847610
006_D_013,006,session_001,alphabet,D,1,dataset/alphabet\D\006_D_013.json,2025-12-12T15:04:13.143376
006_D_014,006,session_001,alphabet,D,1,dataset/alphabet\D\006_D_014.json,2025-12-12T15:04:14.148050
006_D_015,006,session_001,alphabet,D,1,dataset/alphabet\D\006_D_015.json,2025-12-12T15:04:15.329973
006_E_001,006,session_001,alphabet,E,1,dataset/alphabet\E\006_E_001.json,2025-12-12T15:04:20.038939
006_E_002,006,session_001,alphabet,E,1,dataset/alphabet\E\006_E_002.json,2025-12-12T15:04:21.164579
006_E_003,006,session_001,alphabet,E,1,dataset/alphabet\E\006_E_003.json,2025-12-12T15:04:22.124572
006_E_004,006,session_001,alphabet,E,1,dataset/alphabet\E\006_E_004.json,2025-12-12T15:04:23.198795
006_E_005,006,session_001,alphabet,E,1,dataset/alphabet\E\006_E_005.json,2025-12-12T15:04:24.122127
006_E_006,006,session_001,alphabet,E,1,dataset/alphabet\E\006_E_006.json,2025-12-12T15:04:25.378741
006_E_007,006,session_001,alphabet,E,1,dataset/alphabet\E\006_E_007.json,2025-12-12T15:04:26.526007
006_E_008,006,session_001,alphabet,E,1,dataset/alphabet\E\006_E_008.json,2025-12-12T15:04:27.722900
006_E_009,006,session_001,alphabet,E,1,dataset/alphabet\E\006_E_009.json,2025-12-12T15:04:28.694347
006_E_010,006,session_001,alphabet,E,1,dataset/alphabet\E\006_E_010.json,2025-12-12T15:04:29.918626
006_E_011,006,session_001,alphabet,E,1,dataset/alphabet\E\006_E_011.json,2025-12-12T15:04:31.204962
006_E_012,006,session_001,alphabet,E,1,dataset/alphabet\E\006_E_012.json,2025-12-12T15:04:32.274319
006_E_013,006,session_001,alphabet,E,1,dataset/alphabet\E\006_E_013.json,2025-12-12T15:04:33.218209
006_E_014,006,session_001,alphabet,E,1,dataset/alphabet\E\006_E_014.json,2025-12-12T15:04:34.534043
006_E_015,006,session_001,alphabet,E,1,dataset/alphabet\E\006_E_015.json,2025-12-12T15:04:35.635358
006_F_001,006,session_001,alphabet,F,1,dataset/alphabet\F\006_F_001.json,2025-12-12T15:04:50.519946
006_F_002,006,session_001,alphabet,F,1,dataset/alphabet\F\006_F_002.json,2025-12-12T15:04:51.888289
006_F_003,006,session_001,alphabet,F,1,dataset/alphabet\F\006_F_003.json,2025-12-12T15:04:53.856250
006_F_004,006,session_001,alphabet,F,1,dataset/alphabet\F\006_F_004.json,2025-12-12T15:04:54.798487
006_F_005,006,session_001,alphabet,F,1,dataset/alphabet\F\006_F_005.json,2025-12-12T15:04:56.011311
006_F_006,006,session_001,alphabet,F,1,dataset/alphabet\F\006_F_006.json,2025-12-12T15:04:57.052094
006_F_007,006,session_001,alphabet,F,1,dataset/alphabet\F\006_F_007.json,2025-12-12T15:04:58.203576
006_F_008,006,session_001,alphabet,F,1,dataset/alphabet\F\006_F_008.json,2025-12-12T15:04:59.308389
006_F_009,006,session_001,alphabet,F,1,dataset/alphabet\F\006_F_009.json,2025-12-12T15:05:00.384002
006_F_010,006,session_001,alphabet,F,1,dataset/alphabet\F\006_F_010.json,2025-12-12T15:05:01.406922
006_F_011,006,session_001,alphabet,F,1,dataset/alphabet\F\006_F_011.json,2025-12-12T15:05:02.417170
006_F_012,006,session_001,alphabet,F,1,dataset/alphabet\F\006_F_012.json,2025-12-12T15:05:03.587517
006_F_013,006,session_001,alphabet,F,1,dataset/alphabet\F\006_F_013.json,2025-12-12T15:05:04.672938
006_F_014,006,session_001,alphabet,F,1,dataset/alphabet\F\006_F_014.json,2025-12-12T15:05:05.912992
006_F_015,006,session_001,alphabet,F,1,dataset/alphabet\F\006_F_015.json,2025-12-12T15:05:08.352634
006_G_001,006,session_001,alphabet,G,1,dataset/alphabet\G\006_G_001.json,2025-12-12T15:05:12.735154
006_G_002,006,session_001,alphabet,G,1,dataset/alphabet\G\006_G_002.json,2025-12-12T15:05:14.181796
006_G_003,006,session_001,alphabet,G,1,dataset/alphabet\G\006_G_003.json,2025-12-12T15:05:15.260947
006_G_004,006,session_001,alphabet,G,1,dataset/alphabet\G\006_G_004.json,2025-12-12T15:05:16.336173
006_G_005,006,session_001,alphabet,G,1,dataset/alphabet\G\006_G_005.json,2025-12-12T15:05:17.326820
006_G_006,006,session_001,alphabet,G,1,dataset/alphabet\G\006_G_006.json,2025-12-12T15:05:18.459742
006_G_007,006,session_001,alphabet,G,1,dataset/alphabet\G\006_G_007.json,2025-12-12T15:05:19.571387
006_G_008,006,session_001,alphabet,G,1,dataset/alphabet\G\006_G_008.json,2025-12-12T15:05:20.861150
006_G_009,006,session_001,alphabet,G,1,dataset/alphabet\G\006_G_009.json,2025-12-12T15:05:22.089666
006_G_010,006,session_001,alphabet,G,1,dataset/alphabet\G\006_G_010.json,2025-12-12T15:05:23.128101
006_G_011,006,session_001,alphabet,G,1,dataset/alphabet\G\006_G_011.json,2025-12-12T15:05:24.223214
006_G_012,006,session_001,alphabet,G,1,dataset/alphabet\G\006_G_012.json,2025-12-12T15:05:25.337388
006_G_013,006,session_001,alphabet,G,1,dataset/alphabet\G\006_G_013.json,2025-12-12T15:05:26.361046
006_G_014,006,session_001,alphabet,G,1,dataset/alphabet\G\006_G_014.json,2025-12-12T15:05:27.351922
006_G_015,006,session_001,alphabet,G,1,dataset/alphabet\G\006_G_015.json,2025-12-12T15:05:28.577927
006_H_001,006,session_001,alphabet,H,1,dataset/alphabet\H\006_H_001.json,2025-12-12T15:05:41.646312
006_H_002,006,session_001,alphabet,H,1,dataset/alphabet\H\006_H_002.json,2025-12-12T15:05:44.299178
006_H_003,006,session_001,alphabet,H,1,dataset/alphabet\H\006_H_003.json,2025-12-12T15:05:45.137374
006_H_004,006,session_001,alphabet,H,1,dataset/alphabet\H\006_H_004.json,2025-12-12T15:05:46.419376
006_H_005,006,session_001,alphabet,H,1,dataset/alphabet\H\006_H_005.json,2025-12-12T15:05:47.789011
006_H_006,006,session_001,alphabet,H,1,dataset/alphabet\H\006_H_006.json,2025-12-12T15:05:48.697749
006_H_007,006,session_001,alphabet,H,1,dataset/alphabet\H\006_H_007.json,2025-12-12T15:05:49.969666
006_H_008,006,session_001,alphabet,H,1,dataset/alphabet\H\006_H_008.json,2025-12-12T15:05:51.259623
006_H_009,006,session_001,alphabet,H,1,dataset/alphabet\H\006_H_009.json,2025-12-12T15:05:52.249649
006_H_010,006,session_001,alphabet,H,1,dataset/alphabet\H\006_H_010.json,2025-12-12T15:05:53.219868
006_H_011,006,session_001,alphabet,H,1,dataset/alphabet\H\006_H_011.json,2025-12-12T15:05:54.523360
006_H_012,006,session_001,alphabet,H,1,dataset/alphabet\H\006_H_012.json,2025-12-12T15:05:55.679903
006_H_013,006,session_001,alphabet,H,1,dataset/alphabet\H\006_H_013.json,2025-12-12T15:05:56.787579
006_H_014,006,session_001,alphabet,H,1,dataset/alphabet\H\006_H_014.json,2025-12-12T15:05:58.105348
006_H_015,006,session_001,alphabet,H,1,dataset/alphabet\H\006_H_015.json,2025-12-12T15:05:59.690820
006_I_001,006,session_001,alphabet,I,1,dataset/alphabet\I\006_I_001.json,2025-12-12T15:06:02.860012
006_I_002,006,session_001,alphabet,I,1,dataset/alphabet\I\006_I_002.json,2025-12-12T15:06:04.110824
006_I_003,006,session_001,alphabet,I,1,dataset/alphabet\I\006_I_003.json,2025-12-12T15:06:05.118811
006_I_004,006,session_001,alphabet,I,1,dataset/alphabet\I\006_I_004.json,2025-12-12T15:06:06.153930
006_I_005,006,session_001,alphabet,I,1,dataset/alphabet\I\006_I_005.json,2025-12-12T15:06:07.199187
006_I_006,006,session_001,alphabet,I,1,dataset/alphabet\I\006_I_006.json,2025-12-12T15:06:08.125483
006_I_007,006,session_001,alphabet,I,1,dataset/alphabet\I\006_I_007.json,2025-12-12T15:06:09.196153
006_I_008,006,session_001,alphabet,I,1,dataset/alphabet\I\006_I_008.json,2025-12-12T15:06:10.481068
006_I_009,006,session_001,alphabet,I,1,dataset/alphabet\I\006_I_009.json,2025-12-12T15:06:11.487500
006_I_010,006,session_001,alphabet,I,1,dataset/alphabet\I\006_I_010.json,2025-12-12T15:06:12.633021
006_I_011,006,session_001,alphabet,I,1,dataset/alphabet\I\006_I_011.json,2025-12-12T15:06:13.837461
006_I_012,006,session_001,alphabet,I,1,dataset/alphabet\I\006_I_012.json,2025-12-12T15:06:15.087060
006_I_013,006,session_001,alphabet,I,1,dataset/alphabet\I\006_I_013.json,2025-12-12T15:06:16.212990
006_I_014,006,session_001,alphabet,I,1,dataset/alphabet\I\006_I_014.json,2025-12-12T15:06:17.521345
006_I_015,006,session_001,alphabet,I,1,dataset/alphabet\I\006_I_015.json,2025-12-12T15:06:18.721053
006_J_001,006,session_001,alphabet,J,1,dataset/alphabet\J\006_J_001.json,2025-12-12T15:06:38.672709
006_J_002,006,session_001,alphabet,J,1,dataset/alphabet\J\006_J_002.json,2025-12-12T15:06:40.203124
006_J_003,006,session_001,alphabet,J,1,dataset/alphabet\J\006_J_003.json,2025-12-12T15:06:41.155807
006_J_004,006,session_001,alphabet,J,1,dataset/alphabet\J\006_J_004.json,2025-12-12T15:06:42.407004
006_J_005,006,session_001,alphabet,J,1,dataset/alphabet\J\006_J_005.json,2025-12-12T15:06:43.412364
006_J_006,006,session_001,alphabet,J,1,dataset/alphabet\J\006_J_006.json,2025-12-12T15:06:44.636324
006_J_007,006,session_001,alphabet,J,1,dataset/alphabet\J\006_J_007.json,2025-12-12T15:06:45.822711
006_J_008,006,session_001,alphabet,J,1,dataset/alphabet\J\006_J_008.json,2025-12-12T15:06:46.726153
006_J_009,006,session_001,alphabet,J,1,dataset/alphabet\J\006_J_009.json,2025-12-12T15:06:47.799498
006_J_010,006,session_001,alphabet,J,1,dataset/alphabet\J\006_J_010.json,2025-12-12T15:06:48.986502
006_J_011,006,session_001,alphabet,J,1,dataset/alphabet\J\006_J_011.json,2025-12-12T15:06:50.089070
006_J_012,006,session_001,alphabet,J,1,dataset/alphabet\J\006_J_012.json,2025-12-12T15:06:51.480846
006_J_013,006,session_001,alphabet,J,1,dataset/alphabet\J\006_J_013.json,2025-12-12T15:06:52.433514
006_J_014,006,session_001,alphabet,J,1,dataset/alphabet\J\006_J_014.json,2025-12-12T15:06:53.522093
006_J_015,006,session_001,alphabet,J,1,dataset/alphabet\J\006_J_015.json,2025-12-12T15:06:54.716631
006_K_001,006,session_001,alphabet,K,1,dataset/alphabet\K\006_K_001.json,2025-12-12T15:07:01.133628
006_K_002,006,session_001,alphabet,K,1,dataset/alphabet\K\006_K_002.json,2025-12-12T15:07:02.490521
006_K_003,006,session_001,alphabet,K,1,dataset/alphabet\K\006_K_003.json,2025-12-12T15:07:03.517278
006_K_004,006,session_001,alphabet,K,1,dataset/alphabet\K\006_K_004.json,2025-12-12T15:07:04.684259
006_K_005,006,session_001,alphabet,K,1,dataset/alphabet\K\006_K_005.json,2025-12-12T15:07:06.131107
006_K_006,006,session_001,alphabet,K,1,dataset/alphabet\K\006_K_006.json,2025-12-12T15:07:07.404698
006_K_007,006,session_001,alphabet,K,1,dataset/alphabet\K\006_K_007.json,2025-12-12T15:07:10.030783
006_K_008,006,session_001,alphabet,K,1,dataset/alphabet\K\006_K_008.json,2025-12-12T15:07:11.324980
006_K_009,006,session_001,alphabet,K,1,dataset/alphabet\K\006_K_009.json,2025-12-12T15:07:12.573011
006_K_010,006,session_001,alphabet,K,1,dataset/alphabet\K\006_K_010.json,2025-12-12T15:07:13.620264
006_K_011,006,session_001,alphabet,K,1,dataset/alphabet\K\006_K_011.json,2025-12-12T15:07:14.791204
006_K_012,006,session_001,alphabet,K,1,dataset/alphabet\K\006_K_012.json,2025-12-12T15:07:15.916364
006_K_013,006,session_001,alphabet,K,1,dataset/alphabet\K\006_K_013.json,2025-12-12T15:07:17.048096
006_K_014,006,session_001,alphabet,K,1,dataset/alphabet\K\006_K_014.json,2025-12-12T15:07:18.258104
006_K_015,006,session_001,alphabet,K,1,dataset/alphabet\K\006_K_015.json,2025-12-12T15:07:19.440872
006_L_001,006,session_001,alphabet,L,1,dataset/alphabet\L\006_L_001.json,2025-12-12T15:07:23.095017
006_L_002,006,session_001,alphabet,L,1,dataset/alphabet\L\006_L_002.json,2025-12-12T15:07:24.445358
006_L_003,006,session_001,alphabet,L,1,dataset/alphabet\L\006_L_003.json,2025-12-12T15:07:25.727609
006_L_004,006,session_001,alphabet,L,1,dataset/alphabet\L\006_L_004.json,2025-12-12T15:07:26.991695
006_L_005,006,session_001,alphabet,L,1,dataset/alphabet\L\006_L_005.json,2025-12-12T15:07:28.168268
006_L_006,006,session_001,alphabet,L,1,dataset/alphabet\L\006_L_006.json,2025-12-12T15:07:29.250077
006_L_007,006,session_001,alphabet,L,1,dataset/alphabet\L\006_L_007.json,2025-12-12T15:07:30.544260
006_L_008,006,session_001,alphabet,L,1,dataset/alphabet\L\006_L_008.json,2025-12-12T15:07:31.576088
006_L_009,006,session_001,alphabet,L,1,dataset/alphabet\L\006_L_009.json,2025-12-12T15:07:32.702412
006_L_010,006,session_001,alphabet,L,1,dataset/alphabet\L\006_L_010.json,2025-12-12T15:07:33.706116
006_L_011,006,session_001,alphabet,L,1,dataset/alphabet\L\006_L_011.json,2025-12-12T15:07:34.692709
006_L_012,006,session_001,alphabet,L,1,dataset/alphabet\L\006_L_012.json,2025-12-12T15:07:35.810496
006_L_013,006,session_001,alphabet,L,1,dataset/alphabet\L\006_L_013.json,2025-12-12T15:07:36.862470
006_L_014,006,session_001,alphabet,L,1,dataset/alphabet\L\006_L_014.json,2025-12-12T15:07:38.013348
006_L_015,006,session_001,alphabet,L,1,dataset/alphabet\L\006_L_015.json,2025-12-12T15:07:39.126010
006_M_001,006,session_001,alphabet,M,1,dataset/alphabet\M\006_M_001.json,2025-12-12T15:07:45.819402
006_M_002,006,session_001,alphabet,M,1,dataset/alphabet\M\006_M_002.json,2025-12-12T15:07:47.023016
006_M_003,006,session_001,alphabet,M,1,dataset/alphabet\M\006_M_003.json,2025-12-12T15:07:47.837064
006_M_004,006,session_001,alphabet,M,1,dataset/alphabet\M\006_M_004.json,2025-12-12T15:07:49.151535
006_M_005,006,session_001,alphabet,M,1,dataset/alphabet\M\006_M_005.json,2025-12-12T15:07:50.187316
006_M_006,006,session_001,alphabet,M,1,dataset/alphabet\M\006_M_006.json,2025-12-12T15:07:51.078940
006_M_007,006,session_001,alphabet,M,1,dataset/alphabet\M\006_M_007.json,2025-12-12T15:07:52.246103
006_M_008,006,session_001,alphabet,M,1,dataset/alphabet\M\006_M_008.json,2025-12-12T15:07:53.680572
006_M_009,006,session_001,alphabet,M,1,dataset/alphabet\M\006_M_009.json,2025-12-12T15:07:54.636823
006_M_010,006,session_001,alphabet,M,1,dataset/alphabet\M\006_M_010.json,2025-12-12T15:07:55.765346
006_M_011,006,session_001,alphabet,M,1,dataset/alphabet\M\006_M_011.json,2025-12-12T15:07:56.753969
006_M_012,006,session_001,alphabet,M,1,dataset/alphabet\M\006_M_012.json,2025-12-12T15:07:58.230850
006_M_013,006,session_001,alphabet,M,1,dataset/alphabet\M\006_M_013.json,2025-12-12T15:07:59.262487
006_M_014,006,session_001,alphabet,M,1,dataset/alphabet\M\006_M_014.json,2025-12-12T15:08:00.454848
006_M_015,006,session_001,alphabet,M,1,dataset/alphabet\M\006_M_015.json,2025-12-12T15:08:01.478799
006_N_001,006,session_001,alphabet,N,1,dataset/alphabet\N\006_N_001.json,2025-12-12T15:08:05.992791
006_N_002,006,session_001,alphabet,N,1,dataset/alphabet\N\006_N_002.json,2025-12-12T15:08:07.244743
006_N_003,006,session_001,alphabet,N,1,dataset/alphabet\N\006_N_003.json,2025-12-12T15:08:08.344649
006_N_004,006,session_001,alphabet,N,1,dataset/alphabet\N\006_N_004.json,2025-12-12T15:08:09.411482
006_N_005,006,session_001,alphabet,N,1,dataset/alphabet\N\006_N_005.json,2025-12-12T15:08:10.404149
006_N_006,006,session_001,alphabet,N,1,dataset/alphabet\N\006_N_006.json,2025-12-12T15:08:11.613559
006_N_007,006,session_001,alphabet,N,1,dataset/alphabet\N\006_N_007.json,2025-12-12T15:08:12.589645
006_N_008,006,session_001,alphabet,N,1,dataset/alphabet\N\006_N_008.json,2025-12-12T15:08:13.779122
006_N_009,006,session_001,alphabet,N,1,dataset/alphabet\N\006_N_009.json,2025-12-12T15:08:15.011608
006_N_010,006,session_001,alphabet,N,1,dataset/alphabet\N\006_N_010.json,2025-12-12T15:08:16.044414
006_N_011,006,session_001,alphabet,N,1,dataset/alphabet\N\006_N_011.json,2025-12-12T15:08:17.345164
006_N_012,006,session_001,alphabet,N,1,dataset/alphabet\N\006_N_012.json,2025-12-12T15:08:18.430392
006_N_013,006,session_001,alphabet,N,1,dataset/alphabet\N\006_N_013.json,2025-12-12T15:08:19.624813
006_N_014,006,session_001,alphabet,N,1,dataset/alphabet\N\006_N_014.json,2025-12-12T15:08:20.667122
006_N_015,006,session_001,alphabet,N,1,dataset/alphabet\N\006_N_015.json,2025-12-12T15:08:21.684292
006_O_001,006,session_001,alphabet,O,1,dataset/alphabet\O\006_O_001.json,2025-12-12T15:08:26.824453
006_O_002,006,session_001,alphabet,O,1,dataset/alphabet\O\006_O_002.json,2025-12-12T15:08:27.869492
006_O_003,006,session_001,alphabet,O,1,dataset/alphabet\O\006_O_003.json,2025-12-12T15:08:28.852225
006_O_004,006,session_001,alphabet,O,1,dataset/alphabet\O\006_O_004.json,2025-12-12T15:08:30.284737
006_O_005,006,session_001,alphabet,O,1,dataset/alphabet\O\006_O_005.json,2025-12-12T15:08:31.945590
006_O_006,006,session_001,alphabet,O,1,dataset/alphabet\O\006_O_006.json,2025-12-12T15:08:33.080320
006_O_007,006,session_001,alphabet,O,1,dataset/alphabet\O\006_O_007.json,2025-12-12T15:08:34.274967
006_O_008,006,session_001,alphabet,O,1,dataset/alphabet\O\006_O_008.json,2025-12-12T15:08:35.287891
006_O_009,006,session_001,alphabet,O,1,dataset/alphabet\O\006_O_009.json,2025-12-12T15:08:36.316450
006_O_010,006,session_001,alphabet,O,1,dataset/alphabet\O\006_O_010.json,2025-12-12T15:08:37.571754
006_O_011,006,session_001,alphabet,O,1,dataset/alphabet\O\006_O_011.json,2025-12-12T15:08:38.500951
006_O_012,006,session_001,alphabet,O,1,dataset/alphabet\O\006_O_012.json,2025-12-12T15:08:39.712737
006_O_013,006,session_001,alphabet,O,1,dataset/alphabet\O\006_O_013.json,2025-12-12T15:08:40.701071
006_O_014,006,session_001,alphabet,O,1,dataset/alphabet\O\006_O_014.json,2025-12-12T15:08:42.012991
006_O_015,006,session_001,alphabet,O,1,dataset/alphabet\O\006_O_015.json,2025-12-12T15:08:42.979426
006_P_001,006,session_001,alphabet,P,1,dataset/alphabet\P\006_P_001.json,2025-12-12T15:08:50.422709
006_P_002,006,session_001,alphabet,P,1,dataset/alphabet\P\006_P_002.json,2025-12-12T15:08:51.630033
006_P_003,006,session_001,alphabet,P,1,dataset/alphabet\P\006_P_003.json,2025-12-12T15:08:52.546563
006_P_004,006,session_001,alphabet,P,1,dataset/alphabet\P\006_P_004.json,2025-12-12T15:08:53.863691
006_P_005,006,session_001,alphabet,P,1,dataset/alphabet\P\006_P_005.json,2025-12-12T15:08:54.887597
006_P_006,006,session_001,alphabet,P,1,dataset/alphabet\P\006_P_006.json,2025-12-12T15:08:55.930076
006_P_007,006,session_001,alphabet,P,1,dataset/alphabet\P\006_P_007.json,2025-12-12T15:08:57.033597
006_P_008,006,session_001,alphabet,P,1,dataset/alphabet\P\006_P_008.json,2025-12-12T15:08:58.147248
006_P_009,006,session_001,alphabet,P,1,dataset/alphabet\P\006_P_009.json,2025-12-12T15:08:59.321815
006_P_010,006,session_001,alphabet,P,1,dataset/alphabet\P\006_P_010.json,2025-12-12T15:09:00.486883
006_P_011,006,session_001,alphabet,P,1,dataset/alphabet\P\006_P_011.json,2025-12-12T15:09:01.453747
006_P_012,006,session_001,alphabet,P,1,dataset/alphabet\P\006_P_012.json,2025-12-12T15:09:02.663671
006_P_013,006,session_001,alphabet,P,1,dataset/alphabet\P\006_P_013.json,2025-12-12T15:09:03.760371
006_P_014,006,session_001,alphabet,P,1,dataset/alphabet\P\006_P_014.json,2025-12-12T15:09:04.907744
006_P_015,006,session_001,alphabet,P,1,dataset/alphabet\P\006_P_015.json,2025-12-12T15:09:06.178584
006_Q_001,006,session_001,alphabet,Q,1,dataset/alphabet\Q\006_Q_001.json,2025-12-12T15:09:19.731428
006_Q_002,006,session_001,alphabet,Q,1,dataset/alphabet\Q\006_Q_002.json,2025-12-12T15:09:20.981454
006_Q_003,006,session_001,alphabet,Q,1,dataset/alphabet\Q\006_Q_003.json,2025-12-12T15:09:21.993362
006_Q_004,006,session_001,alphabet,Q,1,dataset/alphabet\Q\006_Q_004.json,2025-12-12T15:09:23.075737
006_Q_005,006,session_001,alphabet,Q,1,dataset/alphabet\Q\006_Q_005.json,2025-12-12T15:09:24.006687
006_Q_006,006,session_001,alphabet,Q,1,dataset/alphabet\Q\006_Q_006.json,2025-12-12T15:09:25.195906
006_Q_007,006,session_001,alphabet,Q,1,dataset/alphabet\Q\006_Q_007.json,2025-12-12T15:09:26.137010
006_Q_008,006,session_001,alphabet,Q,1,dataset/alphabet\Q\006_Q_008.json,2025-12-12T15:09:27.482326
006_Q_009,006,session_001,alphabet,Q,1,dataset/alphabet\Q\006_Q_009.json,2025-12-12T15:09:28.736249
006_Q_010,006,session_001,alphabet,Q,1,dataset/alphabet\Q\006_Q_010.json,2025-12-12T15:09:29.871565
006_Q_011,006,session_001,alphabet,Q,1,dataset/alphabet\Q\006_Q_011.json,2025-12-12T15:09:31.040994
006_Q_012,006,session_001,alphabet,Q,1,dataset/alphabet\Q\006_Q_012.json,2025-12-12T15:09:32.559572
006_Q_013,006,session_001,alphabet,Q,1,dataset/alphabet\Q\006_Q_013.json,2025-12-12T15:09:33.794164
006_Q_014,006,session_001,alphabet,Q,1,dataset/alphabet\Q\006_Q_014.json,2025-12-12T15:09:35.199436
006_Q_015,006,session_001,alphabet,Q,1,dataset/alphabet\Q\006_Q_015.json,2025-12-12T15:09:36.545554
006_R_001,006,session_001,alphabet,R,1,dataset/alphabet\R\006_R_001.json,2025-12-12T15:09:44.666857
006_R_002,006,session_001,alphabet,R,1,dataset/alphabet\R\006_R_002.json,2025-12-12T15:09:46.210327
006_R_003,006,session_001,alphabet,R,1,dataset/alphabet\R\006_R_003.json,2025-12-12T15:09:47.216479
006_R_004,006,session_001,alphabet,R,1,dataset/alphabet\R\006_R_004.json,2025-12-12T15:09:48.364749
006_R_005,006,session_001,alphabet,R,1,dataset/alphabet\R\006_R_005.json,2025-12-12T15:09:49.610160
006_R_006,006,session_001,alphabet,R,1,dataset/alphabet\R\006_R_006.json,2025-12-12T15:09:50.535295
006_R_007,006,session_001,alphabet,R,1,dataset/alphabet\R\006_R_007.json,2025-12-12T15:09:51.501253
006_R_008,006,session_001,alphabet,R,1,dataset/alphabet\R\006_R_008.json,2025-12-12T15:09:52.522346
006_R_009,006,session_001,alphabet,R,1,dataset/alphabet\R\006_R_009.json,2025-12-12T15:09:53.706011
006_R_010,006,session_001,alphabet,R,1,dataset/alphabet\R\006_R_010.json,2025-12-12T15:09:54.793865
006_R_011,006,session_001,alphabet,R,1,dataset/alphabet\R\006_R_011.json,2025-12-12T15:09:55.804591
006_R_012,006,session_001,alphabet,R,1,dataset/alphabet\R\006_R_012.json,2025-12-12T15:09:57.199968
006_R_013,006,session_001,alphabet,R,1,dataset/alphabet\R\006_R_013.json,2025-12-12T15:09:58.221285
006_R_014,006,session_001,alphabet,R,1,dataset/alphabet\R\006_R_014.json,2025-12-12T15:10:00.636686
006_R_015,006,session_001,alphabet,R,1,dataset/alphabet\R\006_R_015.json,2025-12-12T15:10:04.614863
006_S_001,006,session_001,alphabet,S,1,dataset/alphabet\S\006_S_001.json,2025-12-12T15:10:27.707253
006_S_002,006,session_001,alphabet,S,1,dataset/alphabet\S\006_S_002.json,2025-12-12T15:10:29.191821
006_S_003,006,session_001,alphabet,S,1,dataset/alphabet\S\006_S_003.json,2025-12-12T15:10:30.385419
006_S_004,006,session_001,alphabet,S,1,dataset/alphabet\S\006_S_004.json,2025-12-12T15:10:31.579826
006_S_005,006,session_001,alphabet,S,1,dataset/alphabet\S\006_S_005.json,2025-12-12T15:10:32.687017
006_S_006,006,session_001,alphabet,S,1,dataset/alphabet\S\006_S_006.json,2025-12-12T15:10:33.753309
006_S_007,006,session_001,alphabet,S,1,dataset/alphabet\S\006_S_007.json,2025-12-12T15:10:34.962649
006_S_008,006,session_001,alphabet,S,1,dataset/alphabet\S\006_S_008.json,2025-12-12T15:10:36.026406
006_S_009,006,session_001,alphabet,S,1,dataset/alphabet\S\006_S_009.json,2025-12-12T15:10:37.245279
006_S_010,006,session_001,alphabet,S,1,dataset/alphabet\S\006_S_010.json,2025-12-12T15:10:38.360571
006_S_011,006,session_001,alphabet,S,1,dataset/alphabet\S\006_S_011.json,2025-12-12T15:10:39.405862
006_S_012,006,session_001,alphabet,S,1,dataset/alphabet\S\006_S_012.json,2025-12-12T15:10:40.281989
006_S_013,006,session_001,alphabet,S,1,dataset/alphabet\S\006_S_013.json,2025-12-12T15:10:41.696443
006_S_014,006,session_001,alphabet,S,1,dataset/alphabet\S\006_S_014.json,2025-12-12T15:10:42.715681
006_S_015,006,session_001,alphabet,S,1,dataset/alphabet\S\006_S_015.json,2025-12-12T15:10:43.895773
006_T_001,006,session_001,alphabet,T,1,dataset/alphabet\T\006_T_001.json,2025-12-12T15:10:48.924351
006_T_002,006,session_001,alphabet,T,1,dataset/alphabet\T\006_T_002.json,2025-12-12T15:10:50.219585
006_T_003,006,session_001,alphabet,T,1,dataset/alphabet\T\006_T_003.json,2025-12-12T15:10:51.175900
006_T_004,006,session_001,alphabet,T,1,dataset/alphabet\T\006_T_004.json,2025-12-12T15:10:52.387445
006_T_005,006,session_001,alphabet,T,1,dataset/alphabet\T\006_T_005.json,2025-12-12T15:10:53.356134
006_T_006,006,session_001,alphabet,T,1,dataset/alphabet\T\006_T_006.json,2025-12-12T15:10:54.590655
006_T_007,006,session_001,alphabet,T,1,dataset/alphabet\T\006_T_007.json,2025-12-12T15:10:55.495648
006_T_008,006,session_001,alphabet,T,1,dataset/alphabet\T\006_T_008.json,2025-12-12T15:10:56.843509
006_T_009,006,session_001,alphabet,T,1,dataset/alphabet\T\006_T_009.json,2025-12-12T15:10:57.853828
006_T_010,006,session_001,alphabet,T,1,dataset/alphabet\T\006_T_010.json,2025-12-12T15:10:59.022529
006_T_011,006,session_001,alphabet,T,1,dataset/alphabet\T\006_T_011.json,2025-12-12T15:11:00.079461
006_T_012,006,session_001,alphabet,T,1,dataset/alphabet\T\006_T_012.json,2025-12-12T15:11:01.170449
006_T_013,006,session_001,alphabet,T,1,dataset/alphabet\T\006_T_013.json,2025-12-12T15:11:02.330028
006_T_014,006,session_001,alphabet,T,1,dataset/alphabet\T\006_T_014.json,2025-12-12T15:11:03.553978
006_T_015,006,session_001,alphabet,T,1,dataset/alphabet\T\006_T_015.json,2025-12-12T15:11:04.714008
006_U_001,006,session_001,alphabet,U,1,dataset/alphabet\U\006_U_001.json,2025-12-12T15:11:09.074535
006_U_002,006,session_001,alphabet,U,1,dataset/alphabet\U\006_U_002.json,2025-12-12T15:11:10.064842
006_U_003,006,session_001,alphabet,U,1,dataset/alphabet\U\006_U_003.json,2025-12-12T15:11:11.079685
006_U_004,006,session_001,alphabet,U,1,dataset/alphabet\U\006_U_004.json,2025-12-12T15:11:12.287748
006_U_005,006,session_001,alphabet,U,1,dataset/alphabet\U\006_U_005.json,2025-12-12T15:11:13.421955
006_U_006,006,session_001,alphabet,U,1,dataset/alphabet\U\006_U_006.json,2025-12-12T15:11:14.523444
006_U_007,006,session_001,alphabet,U,1,dataset/alphabet\U\006_U_007.json,2025-12-12T15:11:15.708734
006_U_008,006,session_001,alphabet,U,1,dataset/alphabet\U\006_U_008.json,2025-12-12T15:11:16.682708
006_U_009,006,session_001,alphabet,U,1,dataset/alphabet\U\006_U_009.json,2025-12-12T15:11:17.725635
006_U_010,006,session_001,alphabet,U,1,dataset/alphabet\U\006_U_010.json,2025-12-12T15:11:18.715680
006_U_011,006,session_001,alphabet,U,1,dataset/alphabet\U\006_U_011.json,2025-12-12T15:11:19.854347
006_U_012,006,session_001,alphabet,U,1,dataset/alphabet\U\006_U_012.json,2025-12-12T15:11:20.969525
006_U_013,006,session_001,alphabet,U,1,dataset/alphabet\U\006_U_013.json,2025-12-12T15:11:22.055434
006_U_014,006,session_001,alphabet,U,1,dataset/alphabet\U\006_U_014.json,2025-12-12T15:11:23.177657
006_U_015,006,session_001,alphabet,U,1,dataset/alphabet\U\006_U_015.json,2025-12-12T15:11:24.260834
006_V_001,006,session_001,alphabet,V,1,dataset/alphabet\V\006_V_001.json,2025-12-12T15:11:27.722572
006_V_002,006,session_001,alphabet,V,1,dataset/alphabet\V\006_V_002.json,2025-12-12T15:11:29.241915
006_V_003,006,session_001,alphabet,V,1,dataset/alphabet\V\006_V_003.json,2025-12-12T15:11:30.433808
006_V_004,006,session_001,alphabet,V,1,dataset/alphabet\V\006_V_004.json,2025-12-12T15:11:31.319841
006_V_005,006,session_001,alphabet,V,1,dataset/alphabet\V\006_V_005.json,2025-12-12T15:11:32.251183
006_V_006,006,session_001,alphabet,V,1,dataset/alphabet\V\006_V_006.json,2025-12-12T15:11:33.283683
006_V_007,006,session_001,alphabet,V,1,dataset/alphabet\V\006_V_007.json,2025-12-12T15:11:34.348043
006_V_008,006,session_001,alphabet,V,1,dataset/alphabet\V\006_V_008.json,2025-12-12T15:11:35.419635
006_V_009,006,session_001,alphabet,V,1,dataset/alphabet\V\006_V_009.json,2025-12-12T15:11:36.584628
006_V_010,006,session_001,alphabet,V,1,dataset/alphabet\V\006_V_010.json,2025-12-12T15:11:37.690006
006_V_011,006,session_001,alphabet,V,1,dataset/alphabet\V\006_V_011.json,2025-12-12T15:11:38.562904
006_V_012,006,session_001,alphabet,V,1,dataset/alphabet\V\006_V_012.json,2025-12-12T15:11:39.748351
006_V_013,006,session_001,alphabet,V,1,dataset/alphabet\V\006_V_013.json,2025-12-12T15:11:40.908190
006_V_014,006,session_001,alphabet,V,1,dataset/alphabet\V\006_V_014.json,2025-12-12T15:11:42.102773
006_V_015,006,session_001,alphabet,V,1,dataset/alphabet\V\006_V_015.json,2025-12-12T15:11:48.526417
006_W_001,006,session_001,alphabet,W,1,dataset/alphabet\W\006_W_001.json,2025-12-12T15:11:54.526643
006_W_002,006,session_001,alphabet,W,1,dataset/alphabet\W\006_W_002.json,2025-12-12T15:11:55.982142
006_W_003,006,session_001,alphabet,W,1,dataset/alphabet\W\006_W_003.json,2025-12-12T15:11:57.056942
006_W_004,006,session_001,alphabet,W,1,dataset/alphabet\W\006_W_004.json,2025-12-12T15:11:58.078189
006_W_005,006,session_001,alphabet,W,1,dataset/alphabet\W\006_W_005.json,2025-12-12T15:11:59.506935
006_W_006,006,session_001,alphabet,W,1,dataset/alphabet\W\006_W_006.json,2025-12-12T15:12:00.589281
006_W_007,006,session_001,alphabet,W,1,dataset/alphabet\W\006_W_007.json,2025-12-12T15:12:01.786936
006_W_008,006,session_001,alphabet,W,1,dataset/alphabet\W\006_W_008.json,2025-12-12T15:12:02.780933
006_W_009,006,session_001,alphabet,W,1,dataset/alphabet\W\006_W_009.json,2025-12-12T15:12:04.041537
006_W_010,006,session_001,alphabet,W,1,dataset/alphabet\W\006_W_010.json,2025-12-12T15:12:04.984996
006_W_011,006,session_001,alphabet,W,1,dataset/alphabet\W\006_W_011.json,2025-12-12T15:12:06.004376
006_W_012,006,session_001,alphabet,W,1,dataset/alphabet\W\006_W_012.json,2025-12-12T15:12:07.066777
006_W_013,006,session_001,alphabet,W,1,dataset/alphabet\W\006_W_013.json,2025-12-12T15:12:08.186224
006_W_014,006,session_001,alphabet,W,1,dataset/alphabet\W\006_W_014.json,2025-12-12T15:12:09.440878
006_W_015,006,session_001,alphabet,W,1,dataset/alphabet\W\006_W_015.json,2025-12-12T15:12:10.735398
006_X_001,006,session_001,alphabet,X,1,dataset/alphabet\X\006_X_001.json,2025-12-12T15:12:16.061558
006_X_002,006,session_001,alphabet,X,1,dataset/alphabet\X\006_X_002.json,2025-12-12T15:12:18.313899
006_X_003,006,session_001,alphabet,X,1,dataset/alphabet\X\006_X_003.json,2025-12-12T15:12:19.457679
006_X_004,006,session_001,alphabet,X,1,dataset/alphabet\X\006_X_004.json,2025-12-12T15:12:20.361658
006_X_005,006,session_001,alphabet,X,1,dataset/alphabet\X\006_X_005.json,2025-12-12T15:12:21.300321
006_X_006,006,session_001,alphabet,X,1,dataset/alphabet\X\006_X_006.json,2025-12-12T15:12:22.475532
006_X_007,006,session_001,alphabet,X,1,dataset/alphabet\X\006_X_007.json,2025-12-12T15:12:23.659695
006_X_008,006,session_001,alphabet,X,1,dataset/alphabet\X\006_X_008.json,2025-12-12T15:12:25.164073
006_X_009,006,session_001,alphabet,X,1,dataset/alphabet\X\006_X_009.json,2025-12-12T15:12:26.109140
006_X_010,006,session_001,alphabet,X,1,dataset/alphabet\X\006_X_010.json,2025-12-12T15:12:27.502545
006_X_011,006,session_001,alphabet,X,1,dataset/alphabet\X\006_X_011.json,2025-12-12T15:12:28.541946
006_X_012,006,session_001,alphabet,X,1,dataset/alphabet\X\006_X_012.json,2025-12-12T15:12:29.875328
006_X_013,006,session_001,alphabet,X,1,dataset/alphabet\X\006_X_013.json,2025-12-12T15:12:31.094336
006_X_014,006,session_001,alphabet,X,1,dataset/alphabet\X\006_X_014.json,2025-12-12T15:12:32.705244
006_X_015,006,session_001,alphabet,X,1,dataset/alphabet\X\006_X_015.json,2025-12-12T15:12:34.005983
006_Y_001,006,session_001,alphabet,Y,1,dataset/alphabet\Y\006_Y_001.json,2025-12-12T15:12:41.870162
006_Y_002,006,session_001,alphabet,Y,1,dataset/alphabet\Y\006_Y_002.json,2025-12-12T15:12:43.387053
006_Y_003,006,session_001,alphabet,Y,1,dataset/alphabet\Y\006_Y_003.json,2025-12-12T15:12:44.448887
006_Y_004,006,session_001,alphabet,Y,1,dataset/alphabet\Y\006_Y_004.json,2025-12-12T15:12:45.826825
006_Y_005,006,session_001,alphabet,Y,1,dataset/alphabet\Y\006_Y_005.json,2025-12-12T15:12:46.839283
006_Y_006,006,session_001,alphabet,Y,1,dataset/alphabet\Y\006_Y_006.json,2025-12-12T15:12:47.826703
006_Y_007,006,session_001,alphabet,Y,1,dataset/alphabet\Y\006_Y_007.json,2025-12-12T15:12:49.065286
006_Y_008,006,session_001,alphabet,Y,1,dataset/alphabet\Y\006_Y_008.json,2025-12-12T15:12:50.328900
006_Y_009,006,session_001,alphabet,Y,1,dataset/alphabet\Y\006_Y_009.json,2025-12-12T15:12:51.148578
006_Y_010,006,session_001,alphabet,Y,1,dataset/alphabet\Y\006_Y_010.json,2025-12-12T15:12:52.977082
006_Y_011,006,session_001,alphabet,Y,1,dataset/alphabet\Y\006_Y_011.json,2025-12-12T15:12:55.088492
006_Y_012,006,session_001,alphabet,Y,1,dataset/alphabet\Y\006_Y_012.json,2025-12-12T15:12:56.260989
006_Y_013,006,session_001,alphabet,Y,1,dataset/alphabet\Y\006_Y_013.json,2025-12-12T15:12:57.581247
006_Y_014,006,session_001,alphabet,Y,1,dataset/alphabet\Y\006_Y_014.json,2025-12-12T15:12:58.768472
006_Y_015,006,session_001,alphabet,Y,1,dataset/alphabet\Y\006_Y_015.json,2025-12-12T15:13:00.013689
006_Z_001,006,session_001,alphabet,Z,1,dataset/alphabet\Z\006_Z_001.json,2025-12-12T15:13:06.132015
006_Z_002,006,session_001,alphabet,Z,1,dataset/alphabet\Z\006_Z_002.json,2025-12-12T15:13:07.321757
006_Z_003,006,session_001,alphabet,Z,1,dataset/alphabet\Z\006_Z_003.json,2025-12-12T15:13:08.388683
006_Z_004,006,session_001,alphabet,Z,1,dataset/alphabet\Z\006_Z_004.json,2025-12-12T15:13:09.518897
006_Z_005,006,session_001,alphabet,Z,1,dataset/alphabet\Z\006_Z_005.json,2025-12-12T15:13:10.521725
006_Z_006,006,session_001,alphabet,Z,1,dataset/alphabet\Z\006_Z_006.json,2025-12-12T15:13:11.821472
006_Z_007,006,session_001,alphabet,Z,1,dataset/alphabet\Z\006_Z_007.json,2025-12-12T15:13:12.875453
006_Z_008,006,session_001,alphabet,Z,1,dataset/alphabet\Z\006_Z_008.json,2025-12-12T15:13:14.070592
006_Z_009,006,session_001,alphabet,Z,1,dataset/alphabet\Z\006_Z_009.json,2025-12-12T15:13:15.097796
006_Z_010,006,session_001,alphabet,Z,1,dataset/alphabet\Z\006_Z_010.json,2025-12-12T15:13:16.151489
006_Z_011,006,session_001,alphabet,Z,1,dataset/alphabet\Z\006_Z_011.json,2025-12-12T15:13:17.565687
006_Z_012,006,session_001,alphabet,Z,1,dataset/alphabet\Z\006_Z_012.json,2025-12-12T15:13:19.082294
006_Z_013,006,session_001,alphabet,Z,1,dataset/alphabet\Z\006_Z_013.json,2025-12-12T15:13:20.191972
006_Z_014,006,session_001,alphabet,Z,1,dataset/alphabet\Z\006_Z_014.json,2025-12-12T15:13:21.369174
006_Z_015,006,session_001,alphabet,Z,1,dataset/alphabet\Z\006_Z_015.json,2025-12-12T15:13:22.728523
008_A_001,008,session_001,alphabet,A,1,dataset/alphabet\A\008_A_001.json,2026-05-19T09:24:25.679280
